station_complex_name,borough,routes,route_count,station_geom,line_ACE,line_123,line_BDFM,line_456,line_NQRW,line_7,line_L,line_G,line_JZ,ridership_2013,rider_change,emp_change,bus_change,pop_change,women_share_change,med_age_change,college_age_change,young_prof_age_change,med_income_change,med_rent_change,housing_units_change,renter_share_change
1 Av,Manhattan,L,1,POINT (-73.981628 40.730953),0,0,0,0,0,0,1,0,0,23467.0,-2469.0,-4048.0,-148.0,-4453.0,-1.9586454863054326,0.13333333333333286,-1468.0,-1947.0,13726.0,412.6666666666665,-79.0,-0.8516599845487582
103 St,Manhattan,1,1,POINT (-73.968379 40.799446),0,1,0,0,0,0,0,0,0,13500.0,-931.0,8280.0,135.0,544.0,0.6964957123712479,1.7090909090909037,-9654.0,-1080.0,13607.36363636364,179.45454545454527,11028.0,-1.377596138029935
103 St,Manhattan,6,1,POINT (-73.947478 40.7906),0,0,0,1,0,0,0,0,0,16189.0,-2904.0,8280.0,135.0,544.0,0.6964957123712479,1.7090909090909037,-9654.0,-1080.0,13607.36363636364,179.45454545454527,11028.0,-1.377596138029935
103 St,Manhattan,B C,2,POINT (-73.961454 40.796092),1,0,1,0,0,0,0,0,0,4760.0,684.0,8280.0,135.0,544.0,0.6964957123712479,1.7090909090909037,-9654.0,-1080.0,13607.36363636364,179.45454545454527,11028.0,-1.377596138029935
103 St - Corona Plaza,Queens,7,1,POINT (-73.8627 40.749865),0,0,0,0,0,1,0,0,0,19216.0,466.0,4694.0,359.0,-2205.0,1.1950086400854099,1.7333333333333272,-6600.0,-5607.0,5349.666666666664,172.66666666666652,822.0,-0.981243443186719
104 St,Queens,A,1,POINT (-73.837683 40.681711),1,0,0,0,0,0,0,0,0,1736.0,105.0,4526.0,566.0,4266.0,-0.6737409143456774,1.9250000000000043,-2587.0,400.0,10781.75,212.75,-744.0,-1.068139998144818
104 St,Queens,J Z,2,POINT (-73.84433 40.695178),0,0,0,0,0,0,0,0,1,2575.0,-988.0,4526.0,566.0,4266.0,-0.6737409143456774,1.9250000000000043,-2587.0,400.0,10781.75,212.75,-744.0,-1.068139998144818
110 St,Manhattan,6,1,POINT (-73.94425 40.79502),0,0,0,1,0,0,0,0,0,12162.0,-1311.0,4622.0,170.0,5890.0,0.7815120361162164,1.7333333333333272,-2299.0,4732.0,7817.666666666664,173.0,4882.0,1.1000335852151433
111 St,Queens,7,1,POINT (-73.855334 40.75173),0,0,0,0,0,1,0,0,0,10914.0,177.0,6725.0,772.0,3899.0,0.21411640014524225,1.9499999999999957,-6136.0,-3246.0,8516.699999999997,199.4000000000001,767.0,-1.3609417966045534
111 St,Queens,A,1,POINT (-73.832163 40.684331),1,0,0,0,0,0,0,0,0,2718.0,-122.0,6725.0,772.0,3899.0,0.21411640014524225,1.9499999999999957,-6136.0,-3246.0,8516.699999999997,199.4000000000001,767.0,-1.3609417966045534
111 St,Queens,J,1,POINT (-73.836345 40.697418),0,0,0,0,0,0,0,0,1,2605.0,214.0,6725.0,772.0,3899.0,0.21411640014524225,1.9499999999999957,-6136.0,-3246.0,8516.699999999997,199.4000000000001,767.0,-1.3609417966045534
116 St,Manhattan,6,1,POINT (-73.941617 40.798629),0,0,0,1,0,0,0,0,0,16675.0,-1960.0,27492.0,663.0,14293.0,0.02748613762906249,1.6214285714285666,-8799.0,9611.0,9279.28571428571,174.71428571428567,18590.0,-0.4474247692345501
116 St,Manhattan,2 3,2,POINT (-73.949625 40.802098),0,1,0,0,0,0,0,0,0,11508.0,-801.0,27492.0,663.0,14293.0,0.02748613762906249,1.6214285714285666,-8799.0,9611.0,9279.28571428571,174.71428571428567,18590.0,-0.4474247692345501
116 St,Manhattan,B C,2,POINT (-73.954882 40.805085),1,0,1,0,0,0,0,0,0,6594.0,1019.0,27492.0,663.0,14293.0,0.02748613762906249,1.6214285714285666,-8799.0,9611.0,9279.28571428571,174.71428571428567,18590.0,-0.4474247692345501
116 St - Columbia University,Manhattan,1,1,POINT (-73.96411 40.807722),0,1,0,0,0,0,0,0,0,16363.0,-1284.0,5538.0,139.0,-1162.0,-0.3787961679918572,1.63333333333334,-2494.0,-833.0,13810.666666666672,190.66666666666674,2376.0,-1.8360360017801391
121 St,Queens,J Z,2,POINT (-73.828294 40.700492),0,0,0,0,0,0,0,0,1,2222.0,-868.0,1885.0,223.0,2341.0,-1.0564823857930783,1.1999999999999957,-393.0,-254.0,8257.0,205.66666666666652,283.0,-1.1229227556040389
125 St,Manhattan,1,1,POINT (-73.958372 40.815581),0,1,0,0,0,0,0,0,0,7995.0,-316.0,43228.0,1212.0,39761.0,-0.448957415050133,0.8333333333333286,-10047.0,31808.0,8223.52380952381,205.19047619047615,22422.0,0.9612833375121532
125 St,Manhattan,2 3,2,POINT (-73.945495 40.807754),0,1,0,0,0,0,0,0,0,15351.0,-605.0,43228.0,1212.0,39761.0,-0.448957415050133,0.8333333333333286,-10047.0,31808.0,8223.52380952381,205.19047619047615,22422.0,0.9612833375121532
125 St,Manhattan,4 5 6,3,POINT (-73.937594 40.804138),0,0,0,1,0,0,0,0,0,29425.0,-1820.0,43228.0,1212.0,39761.0,-0.448957415050133,0.8333333333333286,-10047.0,31808.0,8223.52380952381,205.19047619047615,22422.0,0.9612833375121532
125 St,Manhattan,A B C D,4,POINT (-73.952343 40.811109),1,0,1,0,0,0,0,0,0,27395.0,282.0,43228.0,1212.0,39761.0,-0.448957415050133,0.8333333333333286,-10047.0,31808.0,8223.52380952381,205.19047619047615,22422.0,0.9612833375121532
135 St,Manhattan,2 3,2,POINT (-73.94077 40.814229),0,1,0,0,0,0,0,0,0,14690.0,-347.0,16773.0,536.0,21812.0,-0.6963684890536115,0.6999999999999957,-5413.0,16706.0,7233.25,203.9999999999999,11470.0,0.11164735073506682
135 St,Manhattan,B C,2,POINT (-73.947649 40.817894),1,0,1,0,0,0,0,0,0,5592.0,-102.0,16773.0,536.0,21812.0,-0.6963684890536115,0.6999999999999957,-5413.0,16706.0,7233.25,203.9999999999999,11470.0,0.11164735073506682
137 St - City College,Manhattan,1,1,POINT (-73.953676 40.822008),0,1,0,0,0,0,0,0,0,14947.0,-1576.0,6891.0,201.0,4503.0,-0.925760765239414,1.2000000000000028,-935.0,4729.0,8594.666666666664,237.0,2411.0,-0.11912869234044221
138 St - Grand Concourse,Bronx,4 5,2,POINT (-73.929849 40.813224),0,0,0,1,0,0,0,0,0,3222.0,-56.0,8309.0,186.0,11716.0,-0.824630579591068,0.8833333333333329,-2538.0,7462.0,4430.333333333332,166.33333333333337,5823.0,-0.18028467496019607
14 St - Union Sq,Manhattan,N Q R W 4 5 6,7,POINT (-73.99025950000001 40.7352045),0,0,0,1,1,0,0,0,0,108158.0,-4586.0,7911.0,-576.0,-8741.0,-1.296448501511982,0.45000000000000284,-2976.0,-3351.0,17685.666666666657,365.16666666666674,-615.0,-1.8467887956731488
14 St / 6 Av,Manhattan,F M 1 2 3 L,6,POINT (-73.9964975 40.7377815),0,1,1,0,0,0,1,0,0,49316.0,-808.0,8960.0,-629.0,-2898.0,-1.7194127959269612,0.6499999999999986,-1984.0,-2489.0,18558.333333333343,370.0000000000002,846.0,-2.5124705723511664
14 St / 8 Av,Manhattan,A C E L,4,POINT (-74.002134 40.740335),1,0,0,0,0,0,1,0,0,42718.0,1313.0,11026.0,-441.0,2464.0,-2.2747222210555584,1.0249999999999986,-2354.0,142.0,17329.0,335.0,1943.0,-2.6635468305811316
145 St,Manhattan,1,1,POINT (-73.95036 40.826551),0,1,0,0,0,0,0,0,0,9931.0,-498.0,55260.0,522.0,30193.0,-0.4036739069197215,0.7875000000000014,-10217.0,29428.0,9116.0,204.0625,14837.0,-0.10691995566688428
145 St,Manhattan,3,1,POINT (-73.936245 40.820421),0,1,0,0,0,0,0,0,0,3426.0,-1321.0,55260.0,522.0,30193.0,-0.4036739069197215,0.7875000000000014,-10217.0,29428.0,9116.0,204.0625,14837.0,-0.10691995566688428
145 St,Manhattan,A B C D,4,POINT (-73.944216 40.824783),1,0,1,0,0,0,0,0,0,22879.0,168.0,55260.0,522.0,30193.0,-0.4036739069197215,0.7875000000000014,-10217.0,29428.0,9116.0,204.0625,14837.0,-0.10691995566688428
149 St - Grand Concourse,Bronx,2 4 5,3,POINT (-73.92703449999999 40.8183925),0,1,0,1,0,0,0,0,0,14380.0,-1299.0,7232.0,153.0,9461.0,-0.7254407664753715,0.6400000000000077,-1863.0,5464.0,4206.799999999999,159.60000000000002,4218.0,-0.14782675751869867
15 St - Prospect Park,Brooklyn,F G,2,POINT (-73.979493 40.660365),0,0,1,0,0,0,0,1,0,6448.0,-312.0,8160.0,595.0,3660.0,-0.31494811979013715,1.4333333333333371,-5964.0,694.0,21663.66666666667,338.0,934.0,-2.3280399627672144
155 St,Manhattan,C,1,POINT (-73.941514 40.830518),1,0,0,0,0,0,0,0,0,2529.0,639.0,45831.0,412.0,21358.0,-0.18448750655484236,1.0538461538461519,-12481.0,23747.0,8968.230769230766,194.07692307692298,12680.0,-0.2536675046728609
155 St,Manhattan,B D,2,POINT (-73.938209 40.830135),0,0,1,0,0,0,0,0,0,3948.0,-353.0,45831.0,412.0,21358.0,-0.18448750655484236,1.0538461538461519,-12481.0,23747.0,8968.230769230766,194.07692307692298,12680.0,-0.2536675046728609
157 St,Manhattan,1,1,POINT (-73.94489 40.834041),0,1,0,0,0,0,0,0,0,10677.0,359.0,21181.0,57.0,8098.0,-0.47531803846961873,0.42500000000000426,-4682.0,10503.0,12793.75,217.0,3866.0,-0.2713616803139862
161 St - Yankee Stadium,Bronx,B D 4,3,POINT (-73.925741 40.8279495),0,0,1,1,0,0,0,0,0,26972.0,-938.0,3648.0,243.0,9520.0,0.6268439970991246,1.2750000000000057,-1574.0,2703.0,3544.25,142.25,4628.0,-0.05422211119419096
163 St - Amsterdam Av,Manhattan,C,1,POINT (-73.939892 40.836013),1,0,0,0,0,0,0,0,0,4080.0,-2369.0,22111.0,160.0,9245.0,-0.05628531096285583,0.5799999999999983,-5063.0,10663.0,10694.599999999999,202.20000000000005,4761.0,-0.06440070988128488
167 St,Bronx,4,1,POINT (-73.9214 40.835537),0,0,0,1,0,0,0,0,0,9904.0,-506.0,10064.0,626.0,25286.0,0.04973009057372968,1.375,-4848.0,8938.0,2647.5,144.5,10102.0,0.06675563122178207
167 St,Bronx,B D,2,POINT (-73.91844 40.833771),0,0,1,0,0,0,0,0,0,9374.0,-3032.0,10064.0,626.0,25286.0,0.04973009057372968,1.375,-4848.0,8938.0,2647.5,144.5,10102.0,0.06675563122178207
168 St,Manhattan,A C 1,3,POINT (-73.939561 40.840719),1,1,0,0,0,0,0,0,0,25041.0,1097.0,20961.0,62.0,8083.0,0.6551148574276966,0.42500000000000426,-3953.0,8212.0,10309.25,177.0,3730.0,0.29317402467357034
169 St,Queens,F,1,POINT (-73.793604 40.71047),0,0,1,0,0,0,0,0,0,9042.0,-933.0,1482.0,84.0,4034.0,0.0008374523629894881,1.2999999999999972,402.0,992.0,7045.0,229.0,553.0,1.2279614413768125
170 St,Bronx,4,1,POINT (-73.917791 40.840075),0,0,0,1,0,0,0,0,0,9525.0,-1385.0,10254.0,666.0,23454.0,0.7622154998168873,0.5749999999999993,-3508.0,10170.0,2057.0,137.5,8914.0,0.5136851973217782
170 St,Bronx,B D,2,POINT (-73.9134 40.839306),0,0,1,0,0,0,0,0,0,6563.0,1350.0,10254.0,666.0,23454.0,0.7622154998168873,0.5749999999999993,-3508.0,10170.0,2057.0,137.5,8914.0,0.5136851973217782
174 St,Bronx,2 5,2,POINT (-73.887734 40.837288),0,1,0,1,0,0,0,0,0,7339.0,-588.0,3174.0,260.0,7965.0,-0.06151510521952286,1.7000000000000028,-1675.0,5641.0,2736.25,119.25,3553.0,-0.7591515231620161
174-175 Sts,Bronx,B D,2,POINT (-73.910136 40.8459),0,0,1,0,0,0,0,0,0,4885.0,-1664.0,5127.0,333.0,11727.0,0.7622154998168873,0.5749999999999993,-1754.0,5085.0,2057.0,137.5,4457.0,0.5136851973217782
175 St,Manhattan,A,1,POINT (-73.939704 40.847391),1,0,0,0,0,0,0,0,0,13309.0,-729.0,20069.0,14.0,6933.0,0.136359008396858,0.10000000000000142,-3963.0,9283.0,12710.5,224.75,3681.0,-0.09454640390766933
176 St,Bronx,4,1,POINT (-73.911794 40.84848),0,0,0,1,0,0,0,0,0,5905.0,-98.0,5127.0,333.0,11727.0,0.7622154998168873,0.5749999999999993,-1754.0,5085.0,2057.0,137.5,4457.0,0.5136851973217782
18 Av,Brooklyn,D,1,POINT (-74.001736 40.607954),0,0,1,0,0,0,0,0,0,6162.0,-26.0,42210.0,2230.0,-9299.0,0.09227927944486236,0.46999999999999886,-12796.0,-7590.0,6991.700000000004,207.20000000000005,-4514.0,-0.5185284104904819
18 Av,Brooklyn,F,1,POINT (-73.976971 40.629755),0,0,1,0,0,0,0,0,0,4204.0,-257.0,42210.0,2230.0,-9299.0,0.09227927944486236,0.46999999999999886,-12796.0,-7590.0,6991.700000000004,207.20000000000005,-4514.0,-0.5185284104904819
18 Av,Brooklyn,N,1,POINT (-73.990414 40.620671),0,0,0,0,1,0,0,0,0,5092.0,-1995.0,42210.0,2230.0,-9299.0,0.09227927944486236,0.46999999999999886,-12796.0,-7590.0,6991.700000000004,207.20000000000005,-4514.0,-0.5185284104904819
18 St,Manhattan,1,1,POINT (-73.997871 40.74104),0,1,0,0,0,0,0,0,0,8505.0,355.0,7869.0,-450.0,-164.0,-2.3281453548868845,0.8199999999999932,-1754.0,-1878.0,17781.40000000001,356.5999999999999,1584.0,-2.627801151425968
181 St,Manhattan,1,1,POINT (-73.933596 40.849505),0,1,0,0,0,0,0,0,0,11228.0,114.0,41915.0,186.0,14826.0,0.4688417432071046,0.1700000000000017,-8695.0,20034.0,10378.700000000004,208.0999999999999,8924.0,0.09932536865834285
181 St,Manhattan,A,1,POINT (-73.937969 40.851695),1,0,0,0,0,0,0,0,0,10404.0,356.0,41915.0,186.0,14826.0,0.4688417432071046,0.1700000000000017,-8695.0,20034.0,10378.700000000004,208.0999999999999,8924.0,0.09932536865834285
182-183 Sts,Bronx,B D,2,POINT (-73.900741 40.856093),0,0,1,0,0,0,0,0,0,4554.0,198.0,5893.0,199.0,20011.0,0.16020972997562444,0.125,-1564.0,9806.0,3465.0,140.5,5034.0,0.7995030206396803
183 St,Bronx,4,1,POINT (-73.903879 40.858407),0,0,0,1,0,0,0,0,0,6360.0,-606.0,7582.0,223.0,20951.0,-0.14520198518184202,0.29999999999999716,-2687.0,10429.0,3630.600000000002,150.19999999999982,5123.0,0.5301669491178607
190 St,Manhattan,A,1,POINT (-73.93418 40.859022),1,0,0,0,0,0,0,0,0,4546.0,28.0,1387.0,55.0,2043.0,0.6598707010124327,0.06666666666666288,-3147.0,4546.0,11673.0,238.33333333333326,2126.0,0.06695972880708112
191 St,Manhattan,1,1,POINT (-73.929412 40.855225),0,1,0,0,0,0,0,0,0,8258.0,-226.0,2234.0,110.0,1856.0,1.0051522697196003,-0.02499999999999858,-3535.0,5854.0,8706.0,213.75,2793.0,0.30932488373562883
2 Av,Manhattan,F,1,POINT (-73.989938 40.723402),0,0,1,0,0,0,0,0,0,17801.0,-1806.0,11142.0,-476.0,-14801.0,-0.14715034645033098,1.20000000000001,-3416.0,-5074.0,13602.199999999997,276.79999999999995,301.0,0.1560659909511264
20 Av,Brooklyn,D,1,POINT (-73.998168 40.604556),0,0,1,0,0,0,0,0,0,4859.0,46.0,7595.0,510.0,5805.0,-0.13337589343842549,0.3500000000000085,-1735.0,0.0,7478.0,230.5,127.0,0.8131605778406104
20 Av,Brooklyn,N,1,POINT (-73.985026 40.61741),0,0,0,0,1,0,0,0,0,4190.0,-676.0,7595.0,510.0,5805.0,-0.13337589343842549,0.3500000000000085,-1735.0,0.0,7478.0,230.5,127.0,0.8131605778406104
207 St,Manhattan,1,1,POINT (-73.918822 40.864621),0,1,0,0,0,0,0,0,0,6098.0,251.0,3648.0,174.0,8724.0,0.400451649209399,0.23999999999999488,-3548.0,7048.0,4865.800000000003,184.79999999999995,4188.0,0.2376162765769907
21 St,Queens,G,1,POINT (-73.949724 40.744065),0,0,0,0,0,0,0,1,0,1309.0,448.0,6360.0,422.0,9269.0,-0.7762204127334082,0.7666666666666657,-1463.0,6289.0,20780.333333333343,711.6666666666665,6736.0,1.341088734900775
21 St - Queensbridge,Queens,F,1,POINT (-73.942836 40.754203),0,0,1,0,0,0,0,0,0,8761.0,2079.0,3537.0,174.0,6000.0,-0.2425810685739216,-0.45000000000000284,-1498.0,5988.0,16616.5,381.5,5936.0,-0.5138534290420105
215 St,Manhattan,1,1,POINT (-73.915279 40.869444),0,1,0,0,0,0,0,0,0,2078.0,-291.0,2416.0,125.0,9165.0,0.3002949803618038,0.36666666666666714,-2312.0,4512.0,6702.666666666664,183.0,2635.0,0.36001391682100037
219 St,Bronx,2 5,2,POINT (-73.862633 40.883895),0,1,0,1,0,0,0,0,0,3483.0,-148.0,31985.0,192.0,9457.0,-0.22047721627920236,2.575000000000003,-1450.0,4151.0,3217.0,175.0,1951.0,-0.9780931296635487
225 St,Bronx,2 5,2,POINT (-73.860341 40.888022),0,1,0,1,0,0,0,0,0,4479.0,-518.0,31985.0,192.0,9457.0,-0.22047721627920236,2.575000000000003,-1450.0,4151.0,3217.0,175.0,1951.0,-0.9780931296635487
23 St,Manhattan,F M,2,POINT (-73.992821 40.742878),0,0,1,0,0,0,0,0,0,28749.0,-10333.0,96699.0,-2967.0,-4056.0,-2.302191632450301,0.7423076923076906,-12075.0,-6613.0,16112.653846153844,382.2307692307693,9681.0,-1.630007744937545
23 St,Manhattan,1,1,POINT (-73.995657 40.744081),0,1,0,0,0,0,0,0,0,15283.0,187.0,96699.0,-2967.0,-4056.0,-2.302191632450301,0.7423076923076906,-12075.0,-6613.0,16112.653846153844,382.2307692307693,9681.0,-1.630007744937545
23 St,Manhattan,6,1,POINT (-73.986599 40.739864),0,0,0,1,0,0,0,0,0,31777.0,-180.0,96699.0,-2967.0,-4056.0,-2.302191632450301,0.7423076923076906,-12075.0,-6613.0,16112.653846153844,382.2307692307693,9681.0,-1.630007744937545
23 St,Manhattan,C E,2,POINT (-73.998041 40.745906),1,0,0,0,0,0,0,0,0,24782.0,-385.0,96699.0,-2967.0,-4056.0,-2.302191632450301,0.7423076923076906,-12075.0,-6613.0,16112.653846153844,382.2307692307693,9681.0,-1.630007744937545
23 St,Manhattan,R W,2,POINT (-73.989344 40.741303),0,0,0,0,1,0,0,0,0,22760.0,3621.0,96699.0,-2967.0,-4056.0,-2.302191632450301,0.7423076923076906,-12075.0,-6613.0,16112.653846153844,382.2307692307693,9681.0,-1.630007744937545
231 St,Bronx,1,1,POINT (-73.904834 40.878856),0,1,0,0,0,0,0,0,0,8951.0,1336.0,2586.0,50.0,7765.0,-0.5917746785292333,0.6000000000000014,-2122.0,3787.0,3281.5,160.5,1869.0,0.5825158235565397
233 St,Bronx,2 5,2,POINT (-73.857473 40.893193),0,1,0,1,0,0,0,0,0,5473.0,-609.0,31774.0,156.0,7430.0,0.14613166916724873,2.1000000000000014,-609.0,3429.0,2330.6666666666642,185.33333333333326,1818.0,-0.7203171669705632
238 St,Bronx,1,1,POINT (-73.90087 40.884667),0,1,0,0,0,0,0,0,0,3598.0,-373.0,2235.0,87.0,806.0,-1.1060565302821734,1.1499999999999915,-1655.0,487.0,9101.0,197.5,-398.0,-0.3289237535132328
25 Av,Brooklyn,D,1,POINT (-73.986829 40.597704),0,0,1,0,0,0,0,0,0,4607.0,476.0,8022.0,459.0,16973.0,-0.559352108853306,-1.3000000000000043,703.0,3073.0,9711.5,249.0,2278.0,2.1441904154245295
25 St,Brooklyn,R,1,POINT (-73.998091 40.660397),0,0,0,0,1,0,0,0,0,3821.0,-66.0,5798.0,225.0,43.0,1.711170050921651,1.8500000000000014,-3221.0,-241.0,20497.5,342.5,-249.0,-2.4159565838832053
28 St,Manhattan,1,1,POINT (-73.993365 40.747215),0,1,0,0,0,0,0,0,0,15149.0,-352.0,90673.0,-3015.0,9294.0,-2.5075490960720814,0.8999999999999986,-6258.0,2089.0,14156.058823529413,535.4705882352939,10826.0,-1.053342297198201
28 St,Manhattan,6,1,POINT (-73.984264 40.74307),0,0,0,1,0,0,0,0,0,23696.0,-11677.0,90673.0,-3015.0,9294.0,-2.5075490960720814,0.8999999999999986,-6258.0,2089.0,14156.058823529413,535.4705882352939,10826.0,-1.053342297198201
28 St,Manhattan,R W,2,POINT (-73.988691 40.745494),0,0,0,0,1,0,0,0,0,11607.0,2695.0,90673.0,-3015.0,9294.0,-2.5075490960720814,0.8999999999999986,-6258.0,2089.0,14156.058823529413,535.4705882352939,10826.0,-1.053342297198201
3 Av,Manhattan,L,1,POINT (-73.986122 40.732849),0,0,0,0,0,0,1,0,0,6803.0,-54.0,12047.0,-466.0,-8882.0,-1.346736685466321,0.21999999999999886,-2350.0,-3295.0,17599.199999999997,375.79999999999995,-726.0,-1.3860419418439074
3 Av - 138 St,Bronx,6,1,POINT (-73.926138 40.810476),0,0,0,1,0,0,0,0,0,7667.0,134.0,8132.0,172.0,10567.0,-1.5630040936740919,0.9799999999999969,-1891.0,6740.0,4104.799999999999,173.79999999999995,5017.0,-0.23247817230602763
3 Av - 149 St,Bronx,2 5,2,POINT (-73.917757 40.816109),0,1,0,1,0,0,0,0,0,24001.0,-1644.0,8440.0,211.0,11045.0,-0.5437438821195184,1.4250000000000007,-446.0,4314.0,2732.5,149.5,3993.0,-0.35442860064607284
30 Av,Queens,N W,2,POINT (-73.921479 40.766779),0,0,0,0,1,0,0,0,0,14802.0,-6516.0,3396.0,255.0,-2648.0,0.8361914374799273,-0.14999999999999858,-2971.0,3651.0,15467.0,301.75,2647.0,0.18970338428218048
33 St,Manhattan,6,1,POINT (-73.982076 40.746081),0,0,0,1,0,0,0,0,0,32783.0,-175.0,29816.0,-795.0,11113.0,-2.4045085575517766,1.0428571428571445,-3698.0,6153.0,13299.428571428565,498.0,8797.0,-1.6708519021881751
33 St,Queens,7,1,POINT (-73.930997 40.744587),0,0,0,0,0,1,0,0,0,14246.0,-3217.0,29816.0,-795.0,11113.0,-2.4045085575517766,1.0428571428571445,-3698.0,6153.0,13299.428571428565,498.0,8797.0,-1.6708519021881751
34 St - Herald Sq,Manhattan,B D F M N Q R W,8,POINT (-73.9878865 40.749643),0,0,1,0,1,0,0,0,0,122517.0,4059.0,77310.0,-1187.0,8818.0,-1.6070711657647396,0.8714285714285666,-3353.0,4328.0,17049.71428571429,489.7142857142858,6441.0,-1.1306042081658751
34 St - Penn Station,Manhattan,1 2 3,3,POINT (-73.991057 40.750373),0,1,0,0,0,0,0,0,0,90042.0,-4862.0,130885.0,-1828.0,15371.0,-1.3969808776917614,0.6899999999999977,-4381.0,8220.0,15334.0,510.2000000000003,12483.0,-0.17927995195652358
34 St - Penn Station,Manhattan,A C E,3,POINT (-73.993391 40.752287),1,0,0,0,0,0,0,0,0,83717.0,-3371.0,130885.0,-1828.0,15371.0,-1.3969808776917614,0.6899999999999977,-4381.0,8220.0,15334.0,510.2000000000003,12483.0,-0.17927995195652358
36 Av,Queens,N W,2,POINT (-73.929575 40.756804),0,0,0,0,1,0,0,0,0,7688.0,-2615.0,4321.0,195.0,4395.0,0.5857704900990635,-0.6666666666666643,-2039.0,6981.0,16513.666666666664,350.0,6086.0,-0.3948576857941033
36 St,Brooklyn,D N R,3,POINT (-74.003549 40.655144),0,0,1,0,1,0,0,0,0,12059.0,1434.0,14270.0,751.0,-2618.0,0.8829758507006569,0.5857142857142819,-8644.0,4341.0,15035.0,308.42857142857156,4268.0,-1.6083621490592726
36 St,Queens,M R,2,POINT (-73.928781 40.752039),0,0,1,0,1,0,0,0,0,4540.0,637.0,14270.0,751.0,-2618.0,0.8829758507006569,0.5857142857142819,-8644.0,4341.0,15035.0,308.42857142857156,4268.0,-1.6083621490592726
39 Av,Queens,N W,2,POINT (-73.932755 40.752882),0,0,0,0,1,0,0,0,0,3262.0,-906.0,3830.0,173.0,6390.0,-1.024979006398219,-0.13333333333332575,-2032.0,6216.0,12814.333333333328,329.0,6234.0,-1.7541575984374669
4 Av,Brooklyn,F G R,3,POINT (-73.989779 40.670272),0,0,1,0,1,0,0,1,0,13156.0,-596.0,8550.0,354.0,3751.0,1.520817433877275,1.433333333333323,-3490.0,-300.0,21011.333333333343,279.66666666666674,130.0,-3.191667945054366
40 St,Queens,7,1,POINT (-73.924016 40.743781),0,0,0,0,0,1,0,0,0,11100.0,-1146.0,5976.0,188.0,5001.0,-1.693465556801288,1.6000000000000085,-3033.0,659.0,10194.666666666664,277.0,5343.0,-2.857189871663812
42 St - Bryant Pk / 5 Av,Manhattan,B D F M 7,5,POINT (-73.98326599999999 40.7540215),0,0,1,0,0,1,0,0,0,53222.0,2650.0,89113.0,-1284.0,14269.0,-1.2240156368757193,1.2142857142857153,-2896.0,6613.0,16536.857142857145,471.8571428571429,9109.0,-1.041601691519789
45 St,Brooklyn,R,1,POINT (-74.010006 40.648939),0,0,0,0,1,0,0,0,0,6978.0,227.0,9656.0,557.0,-7403.0,1.5084588366203133,1.86666666666666,-6071.0,-2868.0,16831.33333333333,295.0,-2116.0,-2.291405961298565
46 St,Queens,7,1,POINT (-73.918435 40.743132),0,0,0,0,0,1,0,0,0,14656.0,-1828.0,11855.0,451.0,9891.0,-1.060461418309816,0.9375000000000071,-7490.0,4990.0,11557.375,286.625,11912.0,-2.2964553740098648
46 St,Queens,M R,2,POINT (-73.913333 40.756312),0,0,1,0,1,0,0,0,0,9529.0,-777.0,11855.0,451.0,9891.0,-1.060461418309816,0.9375000000000071,-7490.0,4990.0,11557.375,286.625,11912.0,-2.2964553740098648
47-50 Sts - Rockefeller Ctr,Manhattan,B D F M,4,POINT (-73.981329 40.758663),0,0,1,0,0,0,0,0,0,61099.0,-72.0,86959.0,-1259.0,13311.0,-1.1208387664019548,1.0833333333333357,-2033.0,6186.0,18150.5,511.33333333333326,7585.0,-1.2975890920610578
49 St,Manhattan,N R W,3,POINT (-73.984139 40.759901),0,0,0,0,1,0,0,0,0,25356.0,555.0,76788.0,-988.0,13450.0,-0.5427862797269367,1.1599999999999966,-1351.0,5930.0,19444.59999999999,503.7999999999997,7167.0,-1.9631400925917308
5 Av/53 St,Manhattan,E M,2,POINT (-73.975224 40.760167),1,0,1,0,0,0,0,0,0,25939.0,1673.0,74907.0,-484.0,7216.0,0.6382767375388343,1.13333333333334,-1492.0,716.0,21953.0,366.33333333333326,4755.0,-3.2539336559541776
5 Av/59 St,Manhattan,N W R,3,POINT (-73.973347 40.764811),0,0,0,0,1,0,0,0,0,18394.0,-1756.0,31553.0,-745.0,8601.0,-0.2549917439807925,0.8200000000000003,-771.0,360.0,17981.79999999999,359.79999999999995,3483.0,-4.1473365729079115
50 St,Manhattan,1,1,POINT (-73.983849 40.761728),0,1,0,0,0,0,0,0,0,26192.0,76.0,147911.0,-809.0,13330.0,0.7274503706211854,1.0769230769230802,-8513.0,4644.0,17425.538461538454,431.6153846153845,12690.0,-2.099216751983024
50 St,Brooklyn,D,1,POINT (-73.994791 40.63626),0,0,1,0,0,0,0,0,0,3308.0,-113.0,147911.0,-809.0,13330.0,0.7274503706211854,1.0769230769230802,-8513.0,4644.0,17425.538461538454,431.6153846153845,12690.0,-2.099216751983024
50 St,Manhattan,C E,2,POINT (-73.985984 40.762456),1,0,0,0,0,0,0,0,0,19406.0,351.0,147911.0,-809.0,13330.0,0.7274503706211854,1.0769230769230802,-8513.0,4644.0,17425.538461538454,431.6153846153845,12690.0,-2.099216751983024
52 St,Queens,7,1,POINT (-73.912549 40.744149),0,0,0,0,0,1,0,0,0,6830.0,-829.0,5976.0,188.0,5001.0,-1.693465556801288,1.6000000000000085,-3033.0,659.0,10194.666666666664,277.0,5343.0,-2.857189871663812
53 St,Brooklyn,R,1,POINT (-74.014034 40.645069),0,0,0,0,1,0,0,0,0,7479.0,86.0,8289.0,397.0,-8668.0,1.879204253166078,2.049999999999997,-4000.0,-2387.0,11282.5,223.5,-2082.0,-1.872561923874272
55 St,Brooklyn,D,1,POINT (-73.995476 40.631435),0,0,1,0,0,0,0,0,0,1964.0,221.0,10317.0,639.0,-10920.0,0.24874172767188618,0.3999999999999986,-4091.0,-3527.0,4646.0,211.0,-2571.0,-1.2923547876037556
57 St,Manhattan,F,1,POINT (-73.97745 40.763972),0,0,1,0,0,0,0,0,0,15363.0,-7725.0,74907.0,-484.0,7216.0,0.6382767375388343,1.13333333333334,-1492.0,716.0,21953.0,366.33333333333326,4755.0,-3.2539336559541776
57 St - 7 Av,Manhattan,N Q R W,4,POINT (-73.980658 40.764664),0,0,0,0,1,0,0,0,0,28159.0,9711.0,74907.0,-484.0,7216.0,0.6382767375388343,1.13333333333334,-1492.0,716.0,21953.0,366.33333333333326,4755.0,-3.2539336559541776
59 St,Brooklyn,N R,2,POINT (-74.017881 40.641362),0,0,0,0,1,0,0,0,0,12506.0,-205.0,8289.0,397.0,-8668.0,1.879204253166078,2.049999999999997,-4000.0,-2387.0,11282.5,223.5,-2082.0,-1.872561923874272
59 St - Columbus Circle,Manhattan,A B C D 1,5,POINT (-73.9818325 40.7682715),1,1,1,0,0,0,0,0,0,72236.0,767.0,16314.0,-71.0,1741.0,0.7083581941664474,1.2000000000000028,123.0,-2265.0,17727.66666666667,331.9999999999998,1003.0,-2.933465170687377
63 Dr - Rego Park,Queens,M R,2,POINT (-73.861604 40.729846),0,0,1,0,1,0,0,0,0,16334.0,-760.0,15648.0,349.0,3358.0,1.429354881393119,1.6749999999999972,-5293.0,-5948.0,6880.0,210.75,1850.0,-1.6431216913927904
65 St,Queens,M R,2,POINT (-73.898453 40.749669),0,0,1,0,1,0,0,0,0,3532.0,69.0,3354.0,335.0,-11293.0,0.1613452451941888,2.7749999999999986,-8232.0,-8090.0,7734.5,167.5,1206.0,-1.691871923478172
66 St - Lincoln Center,Manhattan,1,1,POINT (-73.982209 40.77344),0,1,0,0,0,0,0,0,0,23651.0,-761.0,11680.0,-162.0,6396.0,1.3990682281661226,0.20000000000000284,345.0,304.0,-6226.0,548.9999999999998,3004.0,-2.2930215118853847
67 Av,Queens,M R,2,POINT (-73.852719 40.726523),0,0,1,0,1,0,0,0,0,9475.0,-701.0,12490.0,103.0,4087.0,1.2466510600537495,1.8999999999999986,-1035.0,-822.0,9585.5,260.0,1454.0,-1.4446094656407338
68 St - Hunter College,Manhattan,6,1,POINT (-73.96387 40.768141),0,0,0,1,0,0,0,0,0,36562.0,-13805.0,32211.0,-698.0,5308.0,-0.8063773901967219,1.3666666666666742,-681.0,-2569.0,20685.666666666657,368.5,-684.0,-3.475568350713465
69 St,Queens,7,1,POINT (-73.896403 40.746325),0,0,0,0,0,1,0,0,0,5085.0,-406.0,3789.0,282.0,-6563.0,-0.04992845196133411,2.8333333333333357,-6391.0,-7222.0,6113.3333333333285,175.33333333333326,665.0,-1.70272183746778
7 Av,Manhattan,B D E,3,POINT (-73.981637 40.762862),1,0,1,0,0,0,0,0,0,15800.0,2147.0,83826.0,413.0,17656.0,0.47625415801695326,1.1363636363636402,-9986.0,4238.0,23023.636363636368,374.4545454545457,8150.0,-2.404715227249765
7 Av,Brooklyn,B Q,2,POINT (-73.972367 40.67705),0,0,1,0,1,0,0,0,0,9389.0,821.0,83826.0,413.0,17656.0,0.47625415801695326,1.1363636363636402,-9986.0,4238.0,23023.636363636368,374.4545454545457,8150.0,-2.404715227249765
7 Av,Brooklyn,F G,2,POINT (-73.980305 40.666271),0,0,1,0,0,0,0,1,0,12268.0,-632.0,83826.0,413.0,17656.0,0.47625415801695326,1.1363636363636402,-9986.0,4238.0,23023.636363636368,374.4545454545457,8150.0,-2.404715227249765
71 St,Brooklyn,D,1,POINT (-73.998864 40.619589),0,0,1,0,0,0,0,0,0,4538.0,1069.0,14235.0,939.0,-65.0,0.19762818748563227,0.32499999999999574,-3888.0,-2412.0,6488.25,213.5,-1272.0,0.06688554757201537
72 St,Manhattan,B C,2,POINT (-73.97641 40.775594),1,0,1,0,0,0,0,0,0,9067.0,-4595.0,16599.0,-203.0,2502.0,1.4063448457169891,0.8714285714285737,-938.0,-4549.0,9074.28571428571,432.28571428571445,2366.0,-3.3657536881973815
72 St,Manhattan,1 2 3,3,POINT (-73.98197 40.778453),0,1,0,0,0,0,0,0,0,40853.0,-1376.0,16599.0,-203.0,2502.0,1.4063448457169891,0.8714285714285737,-938.0,-4549.0,9074.28571428571,432.28571428571445,2366.0,-3.3657536881973815
74 St - Broadway / Jackson Hts - Roosevelt Av,Queens,7 E F M R,5,POINT (-73.891366 40.746746),1,0,1,0,1,1,0,0,0,50841.0,925.0,3789.0,282.0,-6563.0,-0.04992845196133411,2.8333333333333357,-6391.0,-7222.0,6113.3333333333285,175.33333333333326,665.0,-1.70272183746778
75 Av,Queens,E F,2,POINT (-73.837324 40.718331),1,0,1,0,0,0,0,0,0,3763.0,-308.0,10877.0,143.0,5647.0,-0.0811759382294941,1.2000000000000028,-766.0,-697.0,6388.666666666664,208.33333333333326,717.0,-0.7564268781564354
75 St,Queens,J Z,2,POINT (-73.867139 40.691324),0,0,0,0,0,0,0,0,1,3759.0,-295.0,2024.0,298.0,11305.0,-0.278632968440895,1.999999999999993,-2897.0,6703.0,12761.666666666664,211.33333333333348,3381.0,-1.8562099230252538
77 St,Manhattan,6,1,POINT (-73.959874 40.77362),0,0,0,1,0,0,0,0,0,37182.0,-11813.0,9780.0,-74.0,-10233.0,0.3718059461463197,1.0300000000000011,-5560.0,-5725.0,17285.899999999994,311.0,-4425.0,-2.892452466637252
77 St,Brooklyn,R,1,POINT (-74.02551 40.629742),0,0,0,0,1,0,0,0,0,5353.0,259.0,9780.0,-74.0,-10233.0,0.3718059461463197,1.0300000000000011,-5560.0,-5725.0,17285.899999999994,311.0,-4425.0,-2.892452466637252
79 St,Manhattan,1,1,POINT (-73.979917 40.783934),0,1,0,0,0,0,0,0,0,16576.0,-1401.0,14618.0,881.0,859.0,0.8551548196502945,0.3571428571428541,-4416.0,-4082.0,2082.571428571435,373.57142857142844,3.0,-1.4989665494439253
79 St,Brooklyn,D,1,POINT (-74.00061 40.613501),0,0,1,0,0,0,0,0,0,6293.0,-116.0,14618.0,881.0,859.0,0.8551548196502945,0.3571428571428541,-4416.0,-4082.0,2082.571428571435,373.57142857142844,3.0,-1.4989665494439253
8 Av,Brooklyn,N,1,POINT (-74.011719 40.635064),0,0,0,0,1,0,0,0,0,10873.0,601.0,9860.0,796.0,-18130.0,0.36946352059501475,1.0250000000000057,-5630.0,-6070.0,8637.25,203.0,-3102.0,-1.6169791261698263
8 St - NYU,Manhattan,R W,2,POINT (-73.992629 40.730328),0,0,0,0,1,0,0,0,0,16597.0,595.0,11021.0,-435.0,-18999.0,-0.5582560695696959,1.1499999999999986,-3791.0,-7167.0,14797.833333333328,286.16666666666674,-381.0,-1.134684097423111
80 St,Queens,A,1,POINT (-73.858992 40.679371),1,0,0,0,0,0,0,0,0,4291.0,25.0,974.0,213.0,7190.0,-0.1791852395162663,2.039999999999999,-2187.0,2382.0,8751.200000000004,191.0,1727.0,0.2800884292380901
81 St - Museum of Natural History,Manhattan,B C,2,POINT (-73.972143 40.781433),1,0,1,0,0,0,0,0,0,13663.0,1720.0,318.0,-88.0,957.0,2.3063358487965924,1.6500000000000057,-730.0,-1303.0,24315.0,319.5,1586.0,-3.850800449726066
82 St - Jackson Hts,Queens,7,1,POINT (-73.883697 40.747659),0,0,0,0,0,1,0,0,0,15662.0,-1036.0,3789.0,282.0,-6563.0,-0.04992845196133411,2.8333333333333357,-6391.0,-7222.0,6113.3333333333285,175.33333333333326,665.0,-1.70272183746778
85 St - Forest Pkwy,Queens,J,1,POINT (-73.86001 40.692435),0,0,0,0,0,0,0,0,1,3792.0,-93.0,1321.0,171.0,5142.0,-0.020351105629456967,2.6000000000000085,-2184.0,2356.0,9186.666666666664,199.66666666666674,2485.0,-0.25289573456699355
86 St,Manhattan,1,1,POINT (-73.976218 40.788644),0,1,0,0,0,0,0,0,0,19766.0,-441.0,6183.0,-320.0,10498.0,0.17285260666106694,1.0466666666666669,-6394.0,-7314.0,18406.46666666666,267.0,5418.0,-2.932179868328888
86 St,Brooklyn,N,1,POINT (-73.97823 40.592721),0,0,0,0,1,0,0,0,0,2515.0,-587.0,6183.0,-320.0,10498.0,0.17285260666106694,1.0466666666666669,-6394.0,-7314.0,18406.46666666666,267.0,5418.0,-2.932179868328888
86 St,Brooklyn,R,1,POINT (-74.028398 40.622687),0,0,0,0,1,0,0,0,0,11648.0,-310.0,6183.0,-320.0,10498.0,0.17285260666106694,1.0466666666666669,-6394.0,-7314.0,18406.46666666666,267.0,5418.0,-2.932179868328888
86 St,Manhattan,B C,2,POINT (-73.968916 40.785868),1,0,1,0,0,0,0,0,0,11236.0,-5229.0,6183.0,-320.0,10498.0,0.17285260666106694,1.0466666666666669,-6394.0,-7314.0,18406.46666666666,267.0,5418.0,-2.932179868328888
86 St,Manhattan,4 5 6,3,POINT (-73.955589 40.779492),0,0,0,1,0,0,0,0,0,64741.0,-21572.0,6183.0,-320.0,10498.0,0.17285260666106694,1.0466666666666669,-6394.0,-7314.0,18406.46666666666,267.0,5418.0,-2.932179868328888
88 St,Queens,A,1,POINT (-73.85147 40.679843),1,0,0,0,0,0,0,0,0,2719.0,116.0,617.0,120.0,512.0,-0.015271193390009596,2.7666666666666586,-838.0,-587.0,11081.333333333336,228.66666666666652,-893.0,-2.5612306375337015
9 Av,Brooklyn,D,1,POINT (-73.994324 40.646292),0,0,1,0,0,0,0,0,0,5857.0,-513.0,20693.0,1141.0,-14588.0,0.6287967793493499,1.3599999999999959,-10101.0,-5547.0,14488.600000000006,267.8000000000002,-3848.0,-2.6918268865894435
90 St - Elmhurst Av,Queens,7,1,POINT (-73.876613 40.748408),0,0,0,0,0,1,0,0,0,16743.0,-490.0,4694.0,359.0,-2205.0,1.1950086400854099,1.7333333333333272,-6600.0,-5607.0,5349.666666666664,172.66666666666652,822.0,-0.981243443186719
96 St,Manhattan,6,1,POINT (-73.95107 40.785672),0,0,0,1,0,0,0,0,0,26232.0,-8785.0,1370.0,-328.0,-597.0,0.6950971958261665,1.4200000000000017,-6858.0,-4620.0,14456.399999999994,188.0999999999999,10267.0,-2.554494379524841
96 St,Manhattan,B C,2,POINT (-73.964696 40.791642),1,0,1,0,0,0,0,0,0,9815.0,109.0,1370.0,-328.0,-597.0,0.6950971958261665,1.4200000000000017,-6858.0,-4620.0,14456.399999999994,188.0999999999999,10267.0,-2.554494379524841
96 St,Manhattan,1 2 3,3,POINT (-73.972323 40.793919),0,1,0,0,0,0,0,0,0,38711.0,-2685.0,1370.0,-328.0,-597.0,0.6950971958261665,1.4200000000000017,-6858.0,-4620.0,14456.399999999994,188.0999999999999,10267.0,-2.554494379524841
Alabama Av,Brooklyn,L,1,POINT (-73.898654 40.676992),0,0,0,0,0,0,1,0,0,2443.0,-296.0,6778.0,424.0,7046.0,-0.8656461259725079,2.2749999999999986,-5234.0,11277.0,7402.0,137.5,7819.0,-0.9588585571408292
Allerton Av,Bronx,2 5,2,POINT (-73.867352 40.865462),0,1,0,1,0,0,0,0,0,5526.0,-382.0,32423.0,131.0,16106.0,-0.912175430898643,1.7000000000000028,-259.0,5739.0,5385.6666666666715,161.33333333333326,2627.0,-0.6909456046831797
Aqueduct - N Conduit Av,Queens,A,1,POINT (-73.834058 40.668234),1,0,0,0,0,0,0,0,0,1951.0,-1030.0,-73.0,118.0,2088.0,-1.0121333798788323,1.7000000000000028,-756.0,470.0,8098.666666666664,187.66666666666674,-682.0,0.7931187735079559
Aqueduct Racetrack,Queens,A,1,POINT (-73.835919 40.672097),1,0,0,0,0,0,0,0,0,551.0,1350.0,-73.0,118.0,2088.0,-1.0121333798788323,1.7000000000000028,-756.0,470.0,8098.666666666664,187.66666666666674,-682.0,0.7931187735079559
Astor Pl,Manhattan,6,1,POINT (-73.99107 40.730054),0,0,0,1,0,0,0,0,0,17914.0,-1883.0,15157.0,-325.0,-19140.0,-0.5110782298678451,1.0600000000000023,-3165.0,-7111.0,14133.800000000003,281.0,-492.0,-0.6377949376228043
Astoria - Ditmars Blvd,Queens,N W,2,POINT (-73.912034 40.775036),0,0,0,0,1,0,0,0,0,17039.0,-1376.0,4277.0,201.0,-4142.0,0.8992160914721437,0.13333333333333997,-2088.0,972.0,15628.333333333336,287.66666666666674,1571.0,0.29782530861315326
Astoria Blvd,Queens,N W,2,POINT (-73.917843 40.770258),0,0,0,0,1,0,0,0,0,12210.0,2215.0,3396.0,255.0,-2648.0,0.8361914374799273,-0.14999999999999858,-2971.0,3651.0,15467.0,301.75,2647.0,0.18970338428218048
Atlantic Av,Brooklyn,L,1,POINT (-73.903097 40.675345),0,0,0,0,0,0,1,0,0,1580.0,262.0,4888.0,235.0,-292.0,-0.9280615991574592,2.8999999999999986,-4272.0,6930.0,2715.333333333332,106.66666666666663,7032.0,-0.13413075500904315
Atlantic Av - Barclays Ctr,Brooklyn,B D N Q R 2 3 4 5,9,POINT (-73.97778866666665 40.68416166666667),0,1,1,1,1,0,0,0,0,39871.0,3340.0,9721.0,1054.0,17747.0,0.8515310299666012,0.6799999999999997,-4367.0,5120.0,23033.59999999999,413.20000000000005,6035.0,-1.0961661602857165
Avenue H,Brooklyn,Q,1,POINT (-73.961639 40.62927),0,0,0,0,1,0,0,0,0,2861.0,557.0,14217.0,538.0,8296.0,0.04537355001088539,0.5500000000000043,-5521.0,3438.0,11532.5,227.0,2605.0,-0.3948559914005556
Avenue I,Brooklyn,F,1,POINT (-73.976127 40.625322),0,0,1,0,0,0,0,0,0,2283.0,-1187.0,17340.0,606.0,621.0,-0.291543043018172,0.56666666666667,-4791.0,-1255.0,9551.333333333336,207.0,-733.0,-1.203342115463446
Avenue J,Brooklyn,Q,1,POINT (-73.960803 40.625039),0,0,0,0,1,0,0,0,0,6036.0,22.0,8916.0,234.0,6594.0,0.7159642379273801,-0.09999999999999432,-2281.0,1214.0,8921.0,215.0,1650.0,0.5030498710385078
Avenue M,Brooklyn,Q,1,POINT (-73.959399 40.617618),0,0,0,0,1,0,0,0,0,5836.0,165.0,13483.0,463.0,9179.0,0.20644849847211155,-0.06666666666667709,-2748.0,2152.0,8996.666666666672,219.0,1906.0,0.008682176106256101
Avenue N,Brooklyn,F,1,POINT (-73.974197 40.61514),0,0,1,0,0,0,0,0,0,3411.0,-1324.0,17047.0,610.0,8054.0,-0.08187892426939625,-0.6666666666666643,-2414.0,970.0,6821.333333333336,208.66666666666674,579.0,0.9341927490881252
Avenue P,Brooklyn,F,1,POINT (-73.973022 40.608944),0,0,1,0,0,0,0,0,0,2757.0,-1047.0,17047.0,610.0,8054.0,-0.08187892426939625,-0.6666666666666643,-2414.0,970.0,6821.333333333336,208.66666666666674,579.0,0.9341927490881252
Avenue U,Brooklyn,F,1,POINT (-73.973357 40.596063),0,0,1,0,0,0,0,0,0,2296.0,-1254.0,35100.0,1479.0,37422.0,-0.8366325524660989,-1.06666666666667,-5.0,8209.0,9505.0,236.0,4915.0,1.6043063241759081
Avenue U,Brooklyn,N,1,POINT (-73.979137 40.597473),0,0,0,0,1,0,0,0,0,3738.0,-1111.0,35100.0,1479.0,37422.0,-0.8366325524660989,-1.06666666666667,-5.0,8209.0,9505.0,236.0,4915.0,1.6043063241759081
Avenue U,Brooklyn,Q,1,POINT (-73.955929 40.5993),0,0,0,0,1,0,0,0,0,6821.0,502.0,35100.0,1479.0,37422.0,-0.8366325524660989,-1.06666666666667,-5.0,8209.0,9505.0,236.0,4915.0,1.6043063241759081
Avenue X,Brooklyn,F,1,POINT (-73.97425 40.58962),0,0,1,0,0,0,0,0,0,2972.0,-310.0,18536.0,675.0,14853.0,-0.9789153404694217,-1.1333333333333329,-1210.0,4578.0,8443.0,177.0000000000001,1885.0,1.3046909760401015
Bay 50 St,Brooklyn,D,1,POINT (-73.983765 40.588841),0,0,1,0,0,0,0,0,0,2793.0,-119.0,8469.0,548.0,21145.0,-0.5432886070851017,-1.4666666666666686,208.0,5015.0,8357.666666666664,193.0000000000001,2823.0,1.6877973545304736
Bay Pkwy,Brooklyn,D,1,POINT (-73.993728 40.601875),0,0,1,0,0,0,0,0,0,7111.0,608.0,45289.0,1984.0,31703.0,-0.11829909338458844,-0.41111111111111853,-6334.0,3451.0,7391.8888888888905,218.8888888888889,2522.0,0.9556976360584168
Bay Pkwy,Brooklyn,F,1,POINT (-73.975264 40.620769),0,0,1,0,0,0,0,0,0,1575.0,-952.0,45289.0,1984.0,31703.0,-0.11829909338458844,-0.41111111111111853,-6334.0,3451.0,7391.8888888888905,218.8888888888889,2522.0,0.9556976360584168
Bay Pkwy,Brooklyn,N,1,POINT (-73.981848 40.611815),0,0,0,0,1,0,0,0,0,6990.0,271.0,45289.0,1984.0,31703.0,-0.11829909338458844,-0.41111111111111853,-6334.0,3451.0,7391.8888888888905,218.8888888888889,2522.0,0.9556976360584168
Bay Ridge - 95 St,Brooklyn,R,1,POINT (-74.030876 40.616622),0,0,0,0,1,0,0,0,0,5974.0,-162.0,-320.0,81.0,-3749.0,-0.5690458812111943,1.25,-653.0,-1427.0,10035.5,197.0,226.0,-0.6479099875019712
Bay Ridge Av,Brooklyn,R,1,POINT (-74.023377 40.634967),0,0,0,0,1,0,0,0,0,8079.0,-843.0,3538.0,413.0,-11195.0,0.31260811883229156,1.4666666666666686,-3503.0,-4054.0,9856.666666666664,198.0,-1641.0,-1.2373272982598382
Baychester Av,Bronx,5,1,POINT (-73.838591 40.878663),0,0,0,1,0,0,0,0,0,4177.0,-626.0,-712.0,150.0,3874.0,0.3805809750407785,1.06666666666667,-1220.0,3098.0,6848.0,148.0,1389.0,-0.9178983726531698
Beach 105 St,Queens,A S,2,POINT (-73.827559 40.583209),1,0,0,0,0,0,0,0,0,141.0,120.0,912.0,47.0,1213.0,-2.210637924530001,2.5999999999999943,-109.0,146.0,6446.5,183.0,252.0,-0.6504737950114248
Beach 25 St,Queens,A,1,POINT (-73.761353 40.600066),1,0,0,0,0,0,0,0,0,904.0,888.0,2183.0,18.0,6003.0,0.013079238475610655,-0.09999999999999787,-600.0,1362.0,6738.0,188.0,908.0,1.3683869920709024
Beach 36 St,Queens,A,1,POINT (-73.768175 40.595398),1,0,0,0,0,0,0,0,0,466.0,421.0,2632.0,30.0,9320.0,0.033410636783681724,-0.6499999999999915,-407.0,2038.0,3704.0,161.5,1398.0,0.7511528641009568
Beach 44 St,Queens,A,1,POINT (-73.776013 40.592943),1,0,0,0,0,0,0,0,0,297.0,396.0,2632.0,30.0,9320.0,0.033410636783681724,-0.6499999999999915,-407.0,2038.0,3704.0,161.5,1398.0,0.7511528641009568
Beach 60 St,Queens,A,1,POINT (-73.788522 40.592374),1,0,0,0,0,0,0,0,0,1317.0,696.0,2632.0,30.0,9320.0,0.033410636783681724,-0.6499999999999915,-407.0,2038.0,3704.0,161.5,1398.0,0.7511528641009568
Beach 67 St,Queens,A,1,POINT (-73.796924 40.590927),1,0,0,0,0,0,0,0,0,1118.0,985.0,1085.0,38.0,4901.0,-0.9528781979710521,-0.3999999999999986,300.0,1092.0,4765.5,170.5,729.0,-3.066886213722264
Beach 90 St,Queens,A S,2,POINT (-73.813641 40.588034),1,0,0,0,0,0,0,0,0,463.0,634.0,1361.0,59.0,4530.0,-1.2717605636117568,1.3333333333333357,84.0,822.0,4521.0,167.0000000000001,742.0,-0.36911342613354936
Beach 98 St,Queens,A S,2,POINT (-73.820558 40.585307),1,0,0,0,0,0,0,0,0,292.0,189.0,912.0,47.0,1213.0,-2.210637924530001,2.5999999999999943,-109.0,146.0,6446.5,183.0,252.0,-0.6504737950114248
Bedford - Nostrand Avs,Brooklyn,G,1,POINT (-73.953522 40.689627),0,0,0,0,0,0,0,1,0,7300.0,1521.0,13833.0,1092.0,17570.0,-0.07422255644727871,0.40000000000000213,-1062.0,13359.0,13611.400000000001,287.0,6878.0,-0.5510317857012836
Bedford Av,Brooklyn,L,1,POINT (-73.956872 40.717304),0,0,0,0,0,0,1,0,0,25755.0,848.0,5121.0,492.0,11659.0,-0.4814561844068477,1.0499999999999972,-2934.0,8743.0,22874.5,556.5,4389.0,-0.15296297064022468
Bedford Park Blvd,Bronx,B D,2,POINT (-73.887138 40.873244),0,0,1,0,0,0,0,0,0,6303.0,116.0,34798.0,145.0,21844.0,-0.7047234534379054,0.5749999999999957,-1540.0,8804.0,4211.0,165.25,4363.0,-0.05998878913960892
Bedford Park Blvd - Lehman College,Bronx,4,1,POINT (-73.890064 40.873412),0,0,0,1,0,0,0,0,0,6201.0,-1031.0,34798.0,145.0,21844.0,-0.7047234534379054,0.5749999999999957,-1540.0,8804.0,4211.0,165.25,4363.0,-0.05998878913960892
Bergen St,Brooklyn,2 3,2,POINT (-73.975098 40.680829),0,1,0,0,0,0,0,0,0,4070.0,-417.0,15869.0,1452.0,25340.0,0.7406092082720694,0.6999999999999957,-7079.0,5388.0,23829.5,377.875,7365.0,-1.6332953877292167
Bergen St,Brooklyn,F G,2,POINT (-73.990862 40.686145),0,0,1,0,0,0,0,1,0,11562.0,-388.0,15869.0,1452.0,25340.0,0.7406092082720694,0.6999999999999957,-7079.0,5388.0,23829.5,377.875,7365.0,-1.6332953877292167
Beverley Rd,Brooklyn,Q,1,POINT (-73.964492 40.644031),0,0,0,0,1,0,0,0,0,2340.0,1010.0,7379.0,538.0,4347.0,-0.3929718415521144,1.2333333333333343,-5230.0,4062.0,16126.666666666664,272.6666666666665,2194.0,-1.1858498445257992
Beverly Rd,Brooklyn,2 5,2,POINT (-73.948959 40.645098),0,1,0,1,0,0,0,0,0,4375.0,-120.0,-662.0,266.0,-431.0,0.4582879518590266,1.0333333333333314,-4093.0,2763.0,8222.0,218.33333333333326,3866.0,0.7216238759849336
Bowery,Manhattan,J Z,2,POINT (-73.993915 40.72028),0,0,0,0,0,0,0,0,1,2743.0,995.0,13478.0,-499.0,-12083.0,-0.15658573870854786,1.63333333333334,-3767.0,-4882.0,14665.833333333328,373.83333333333326,1840.0,-0.21614929174004205
Bowling Green,Manhattan,4 5,2,POINT (-74.014065 40.704817),0,0,0,1,0,0,0,0,0,30640.0,-1994.0,15987.0,153.0,7092.0,1.0296322197554608,2.0,-532.0,491.0,37500.16666666667,1211.6666666666667,3383.0,-3.8867480834318457
Briarwood - Van Wyck Blvd,Queens,E F,2,POINT (-73.820574 40.709179),1,0,1,0,0,0,0,0,0,4664.0,249.0,2107.0,202.0,7670.0,-0.47687160289758834,1.1000000000000014,-389.0,2560.0,7223.000000000007,195.0,132.0,-0.2550886576921485
Brighton Beach,Brooklyn,B Q,2,POINT (-73.961376 40.577621),0,0,1,0,1,0,0,0,0,12185.0,-120.0,14114.0,470.0,7670.0,-1.0363468879761917,-0.6000000000000014,-1684.0,3016.0,8274.5,145.0,844.0,0.347186802827093
Broad Channel,Queens,A S,2,POINT (-73.815925 40.608382),1,0,0,0,0,0,0,0,0,127.0,158.0,636.0,26.0,1584.0,-2.71350182209924,0.3999999999999986,107.0,416.0,8861.0,206.0,239.0,-6.601129023637125
Broad St,Manhattan,J Z,2,POINT (-74.011056 40.706476),0,0,0,0,0,0,0,0,1,5635.0,1415.0,15987.0,153.0,7092.0,1.0296322197554608,2.0,-532.0,491.0,37500.16666666667,1211.6666666666667,3383.0,-3.8867480834318457
Broadway,Brooklyn,G,1,POINT (-73.950308 40.706092),0,0,0,0,0,0,0,1,0,3368.0,1099.0,17097.0,988.0,19905.0,0.46123139256326606,0.24285714285714732,-5158.0,16599.0,15418.0,352.57142857142867,13925.0,-0.6577211664185789
Broadway,Queens,N W,2,POINT (-73.925508 40.76182),0,0,0,0,1,0,0,0,0,13280.0,-4807.0,17097.0,988.0,19905.0,0.46123139256326606,0.24285714285714732,-5158.0,16599.0,15418.0,352.57142857142867,13925.0,-0.6577211664185789
Broadway Jct,Brooklyn,A C J L Z,5,POINT (-73.90435599999999 40.678896),1,0,0,0,0,0,1,0,1,8863.0,-721.0,6778.0,424.0,7046.0,-0.8656461259725079,2.2749999999999986,-5234.0,11277.0,7402.0,137.5,7819.0,-0.9588585571408292
Broadway-Lafayette St / Blecker St,Manhattan,B D F M 6,5,POINT (-73.996204 40.725297),0,0,1,1,0,0,0,0,0,38799.0,-2306.0,22010.0,-725.0,-16355.0,-0.4755276725685542,1.2142857142857153,-4694.0,-5867.0,15786.28571428571,271.42857142857133,503.0,-0.9151318367712991
Bronx Park East,Bronx,2 5,2,POINT (-73.868457 40.848828),0,1,0,1,0,0,0,0,0,2959.0,-461.0,3436.0,116.0,2808.0,0.0820375036527321,1.3000000000000043,-325.0,2701.0,5552.0,143.0,1158.0,-1.123031411073394
Brook Av,Bronx,6,1,POINT (-73.91924 40.807566),0,0,0,1,0,0,0,0,0,6186.0,-146.0,7728.0,153.0,6805.0,-1.3402253195636593,1.7999999999999972,-1633.0,5183.0,3206.0,167.25,3932.0,-0.760155327658929
Brooklyn Bridge - City Hall / Chambers St,Manhattan,4 5 6 J Z,5,POINT (-74.003766 40.713154),0,0,0,1,0,0,0,0,1,36680.0,-5748.0,27670.0,-276.0,1618.0,0.21681632462372535,2.1999999999999957,-2232.0,-1713.0,30126.16666666667,833.8333333333333,4293.0,-0.7559275160516687
Buhre Av,Bronx,6,1,POINT (-73.832569 40.84681),0,0,0,1,0,0,0,0,0,3718.0,26.0,1124.0,140.0,-2039.0,-0.08884410045070235,0.4999999999999929,-1274.0,893.0,6805.5,171.0,-844.0,-0.9877611699599331
Burke Av,Bronx,2 5,2,POINT (-73.867164 40.871356),0,1,0,1,0,0,0,0,0,3612.0,-378.0,29835.0,97.0,7005.0,-0.908418177575876,2.6500000000000057,-1579.0,2893.0,3421.5,166.0,1269.0,-1.3970121325398321
Burnside Av,Bronx,4,1,POINT (-73.907684 40.853453),0,0,0,1,0,0,0,0,0,11560.0,-1329.0,5893.0,199.0,20011.0,0.16020972997562444,0.125,-1564.0,9806.0,3465.0,140.5,5034.0,0.7995030206396803
Bushwick Av - Aberdeen St,Brooklyn,L,1,POINT (-73.905249 40.682829),0,0,0,0,0,0,1,0,0,1509.0,570.0,12242.0,562.0,8871.0,-0.430014485342467,1.1500000000000057,-4768.0,13393.0,10689.5,196.0,5958.0,-1.3769300480710345
Canal St,Manhattan,1,1,POINT (-74.006277 40.722854),0,1,0,0,0,0,0,0,0,6039.0,371.0,81164.0,-1560.0,-1504.0,0.6465895137937772,1.7250000000000014,-6655.0,-3842.0,21359.4375,718.5,5277.0,-1.334875729526086
Canal St,Manhattan,A C E,3,POINT (-74.005229 40.720824),1,0,0,0,0,0,0,0,0,19738.0,686.0,81164.0,-1560.0,-1504.0,0.6465895137937772,1.7250000000000014,-6655.0,-3842.0,21359.4375,718.5,5277.0,-1.334875729526086
Canal St,Manhattan,J N Q R W Z 6,7,POINT (-74.00057999999999 40.71870125),0,0,0,1,1,0,0,0,1,44696.0,2338.0,81164.0,-1560.0,-1504.0,0.6465895137937772,1.7250000000000014,-6655.0,-3842.0,21359.4375,718.5,5277.0,-1.334875729526086
Canarsie - Rockaway Pkwy,Brooklyn,L,1,POINT (-73.90185 40.646654),0,0,0,0,0,0,1,0,0,13254.0,-1307.0,2771.0,30.0,3114.0,1.1334874459785094,0.7999999999999972,-768.0,1121.0,6608.0,121.0,1827.0,-0.7120406171176041
Carroll St,Brooklyn,F G,2,POINT (-73.995048 40.680303),0,0,1,0,0,0,0,1,0,12339.0,-777.0,7573.0,698.0,15748.0,0.8129094684785954,0.5499999999999972,-2762.0,3139.0,26273.75,392.75,4236.0,-1.7805184656068729
Castle Hill Av,Bronx,6,1,POINT (-73.851222 40.834255),0,0,0,1,0,0,0,0,0,5632.0,851.0,7716.0,234.0,-1148.0,-0.4665162295285241,0.5750000000000028,-1246.0,1600.0,4317.75,156.5,-98.0,-0.8500749636668581
Cathedral Pkwy,Manhattan,1,1,POINT (-73.966847 40.803967),0,1,0,0,0,0,0,0,0,13874.0,-1348.0,5538.0,139.0,-1162.0,-0.3787961679918572,1.63333333333334,-2494.0,-833.0,13810.666666666672,190.66666666666674,2376.0,-1.8360360017801391
Cathedral Pkwy (110 St),Manhattan,B C,2,POINT (-73.958161 40.800603),1,0,1,0,0,0,0,0,0,7117.0,-3332.0,7540.0,173.0,981.0,0.15724952855451502,1.625,-2782.0,-179.0,10890.0,160.5,4877.0,-1.1416466813195636
Central Av,Brooklyn,M,1,POINT (-73.927397 40.697857),0,0,1,0,0,0,0,0,0,1744.0,649.0,12794.0,627.0,3170.0,-0.47282539374117194,0.6666666666666679,-914.0,8752.0,9953.666666666664,246.33333333333326,3959.0,-0.6126913065717332
Central Park North (110 St),Manhattan,2 3,2,POINT (-73.951822 40.799075),0,1,0,0,0,0,0,0,0,9130.0,-315.0,8617.0,206.0,3236.0,-0.02366015244977815,1.720000000000006,-3457.0,1819.0,9821.600000000006,168.4000000000001,6482.0,-0.9603927378162735
Chambers St,Manhattan,1 2 3,3,POINT (-74.009266 40.715478),0,1,0,0,0,0,0,0,0,23147.0,-1844.0,33985.0,-310.0,8891.0,1.055379070740503,1.5714285714285694,-1313.0,1119.0,33919.28571428571,1102.7142857142856,4055.0,-1.596801610058074
Chambers St / WTC / Park Place,Manhattan,A C E 2 3,5,POINT (-74.008698 40.713581000000005),1,1,0,0,0,0,0,0,0,58923.0,13473.0,33985.0,-310.0,8891.0,1.055379070740503,1.5714285714285694,-1313.0,1119.0,33919.28571428571,1102.7142857142856,4055.0,-1.596801610058074
Chauncey St,Brooklyn,J Z,2,POINT (-73.910456 40.682893),0,0,0,0,0,0,0,0,1,2967.0,420.0,6740.0,360.0,10215.0,-0.9418224906614925,0.9999999999999964,-237.0,11223.0,7076.666666666664,183.0,7620.0,-0.749812179124032
Christopher St - Sheridan Sq,Manhattan,1,1,POINT (-74.002906 40.733422),0,1,0,0,0,0,0,0,0,10076.0,-401.0,19791.0,-727.0,-4272.0,-0.8463314892806773,0.7800000000000011,-1811.0,-2124.0,21248.800000000003,315.8000000000002,-11.0,-2.280234935588832
Church Av,Brooklyn,2 5,2,POINT (-73.949575 40.650843),0,1,0,1,0,0,0,0,0,9794.0,-601.0,21299.0,1817.0,-4342.0,-0.22314757120909245,1.0799999999999983,-16877.0,10884.0,13833.300000000003,264.39999999999986,5376.0,-1.1397896168681698
Church Av,Brooklyn,B Q,2,POINT (-73.962982 40.650527),0,0,1,0,1,0,0,0,0,17638.0,-1110.0,21299.0,1817.0,-4342.0,-0.22314757120909245,1.0799999999999983,-16877.0,10884.0,13833.300000000003,264.39999999999986,5376.0,-1.1397896168681698
Church Av,Brooklyn,F G,2,POINT (-73.979678 40.644041),0,0,1,0,0,0,0,1,0,9984.0,-492.0,21299.0,1817.0,-4342.0,-0.22314757120909245,1.0799999999999983,-16877.0,10884.0,13833.300000000003,264.39999999999986,5376.0,-1.1397896168681698
City Hall,Manhattan,R W,2,POINT (-74.006978 40.713282),0,0,0,0,1,0,0,0,0,5666.0,991.0,33985.0,-310.0,8891.0,1.055379070740503,1.5714285714285694,-1313.0,1119.0,33919.28571428571,1102.7142857142856,4055.0,-1.596801610058074
Clark St,Brooklyn,2 3,2,POINT (-73.993086 40.697466),0,1,0,0,0,0,0,0,0,5971.0,-696.0,1425.0,300.0,8155.0,1.5579980502280266,0.0,-50.0,2871.0,29627.0,614.0,2906.0,0.5135360346389062
Classon Av,Brooklyn,G,1,POINT (-73.96007 40.688873),0,0,0,0,0,0,0,1,0,4490.0,811.0,11370.0,913.0,15056.0,0.4151120782119766,0.5,-2316.0,9696.0,14270.5,295.25,4475.0,-0.3132506372186983
Cleveland St,Brooklyn,J,1,POINT (-73.884639 40.679947),0,0,0,0,0,0,0,0,1,3328.0,-353.0,4065.0,346.0,12372.0,-0.23334369558924983,1.93333333333333,-4661.0,10929.0,10471.333333333336,169.66666666666674,6806.0,-1.9677970221598118
Clinton - Washington Avs,Brooklyn,C,1,POINT (-73.965838 40.683263),1,0,0,0,0,0,0,0,0,6642.0,426.0,13858.0,1188.0,16654.0,0.6817237026971457,0.6333333333333329,-4492.0,5460.0,19204.0,338.0,6326.0,-1.2451204622264012
Clinton - Washington Avs,Brooklyn,G,1,POINT (-73.966839 40.688089),0,0,0,0,0,0,0,1,0,5294.0,-269.0,13858.0,1188.0,16654.0,0.6817237026971457,0.6333333333333329,-4492.0,5460.0,19204.0,338.0,6326.0,-1.2451204622264012
Coney Island - Stillwell Av,Brooklyn,D F N Q,4,POINT (-73.981233 40.577422),0,0,1,0,1,0,0,0,0,13177.0,26.0,22136.0,929.0,24643.0,-0.7842758101378466,-0.9500000000000028,-981.0,6089.0,8993.0,197.0,3122.0,1.3123128318715649
Cortelyou Rd,Brooklyn,Q,1,POINT (-73.963891 40.640927),0,0,0,0,1,0,0,0,0,5318.0,958.0,14217.0,538.0,8296.0,0.04537355001088539,0.5500000000000043,-5521.0,3438.0,11532.5,227.0,2605.0,-0.3948559914005556
Court Sq,Queens,E G M 7,4,POINT (-73.94503200000001 40.747141000000006),1,0,1,0,0,1,0,1,0,20446.0,3549.0,4418.0,120.0,4506.0,-1.3379767654196906,0.10000000000000142,-615.0,3309.0,18250.0,419.0,4860.0,-1.114294857938991
Court St,Brooklyn,R 2 3 4 5,5,POINT (-73.991777 40.6941),0,1,0,1,1,0,0,0,0,38428.0,-2829.0,3454.0,409.0,10775.0,0.9332499720647092,0.05000000000000426,-422.0,3679.0,27563.5,489.5,3891.0,-0.25125215750814167
Crescent St,Brooklyn,J Z,2,POINT (-73.873785 40.683194),0,0,0,0,0,0,0,0,1,4683.0,-144.0,1321.0,171.0,5142.0,-0.020351105629456967,2.6000000000000085,-2184.0,2356.0,9186.666666666664,199.66666666666674,2485.0,-0.25289573456699355
Crown Hts - Utica Av,Brooklyn,3 4,2,POINT (-73.932942 40.668897),0,1,0,1,0,0,0,0,0,27780.0,-2444.0,2700.0,369.0,342.0,-0.796921006806206,1.8500000000000085,-3036.0,5800.0,3410.25,136.25,7111.0,0.539772822107909
Cypress Av,Bronx,6,1,POINT (-73.914042 40.805368),0,0,0,1,0,0,0,0,0,3842.0,-191.0,6976.0,118.0,6076.0,-1.0320812956344683,1.43333333333333,-575.0,4491.0,3552.333333333332,167.0,2671.0,-0.42121925205970134
Cypress Hills,Brooklyn,J,1,POINT (-73.87255 40.689941),0,0,0,0,0,0,0,0,1,1431.0,26.0,2024.0,298.0,11305.0,-0.278632968440895,1.999999999999993,-2897.0,6703.0,12761.666666666664,211.33333333333348,3381.0,-1.8562099230252538
DeKalb Av,Brooklyn,B Q R,3,POINT (-73.981824 40.690635),0,0,1,0,1,0,0,0,0,17318.0,4751.0,16704.0,1220.0,17521.0,0.07594137074137253,0.36666666666666003,-2329.0,13259.0,18437.499999999993,338.5,7974.0,-1.5287344469894992
DeKalb Av,Brooklyn,L,1,POINT (-73.918425 40.703811),0,0,0,0,0,0,1,0,0,11617.0,1021.0,16704.0,1220.0,17521.0,0.07594137074137253,0.36666666666666003,-2329.0,13259.0,18437.499999999993,338.5,7974.0,-1.5287344469894992
Delancey St / Essex St,Manhattan,F J M Z,4,POINT (-73.9877755 40.718463),0,0,1,0,0,0,0,0,1,23691.0,871.0,11142.0,-476.0,-14801.0,-0.14715034645033098,1.20000000000001,-3416.0,-5074.0,13602.199999999997,276.79999999999995,301.0,0.1560659909511264
Ditmas Av,Brooklyn,F,1,POINT (-73.978172 40.636119),0,0,1,0,0,0,0,0,0,4676.0,-772.0,23662.0,989.0,-6314.0,-0.05745885109813553,0.3499999999999943,-6918.0,-3271.0,8408.25,209.75,-2194.0,-1.6006969218852918
Dyckman St,Manhattan,1,1,POINT (-73.925536 40.860531),0,1,0,0,0,0,0,0,0,6564.0,438.0,2174.0,219.0,8930.0,0.936002584816964,0.0833333333333357,-3463.0,8378.0,6332.8333333333285,199.66666666666674,5751.0,0.2632276768236741
Dyckman St,Manhattan,A,1,POINT (-73.927271 40.865491),1,0,0,0,0,0,0,0,0,6557.0,-80.0,2174.0,219.0,8930.0,0.936002584816964,0.0833333333333357,-3463.0,8378.0,6332.8333333333285,199.66666666666674,5751.0,0.2632276768236741
E 105 St,Brooklyn,L,1,POINT (-73.899485 40.650573),0,0,0,0,0,0,1,0,0,3818.0,-20.0,6513.0,219.0,-5033.0,-0.18454184858376355,3.325000000000003,-6005.0,4300.0,2406.5,21.5,7235.0,-0.522111897088462
E 143 St - St Mary's St,Bronx,6,1,POINT (-73.907657 40.808719),0,0,0,1,0,0,0,0,0,911.0,108.0,7301.0,94.0,3429.0,-1.2157387384802099,1.100000000000005,-186.0,2598.0,1642.0,156.33333333333337,1035.0,-0.18527090725234396
E 149 St,Bronx,6,1,POINT (-73.904098 40.812118),0,0,0,1,0,0,0,0,0,4580.0,262.0,10516.0,241.0,10298.0,-0.2847521088475857,1.3200000000000003,-65.0,5100.0,2361.2000000000007,141.0,3954.0,-0.321703527647188
E 180 St,Bronx,2 5,2,POINT (-73.873488 40.841894),0,1,0,1,0,0,0,0,0,7003.0,172.0,3715.0,174.0,2706.0,-0.035465761863306966,1.4333333333333407,42.0,2210.0,3931.0,135.66666666666652,1271.0,-0.9750264649100782
East Broadway,Manhattan,F,1,POINT (-73.990173 40.713715),0,0,1,0,0,0,0,0,0,13276.0,592.0,15530.0,-518.0,-4570.0,0.5967312468249442,2.25,-2512.0,-2427.0,16696.25,398.5,2136.0,-0.3634637363156279
Eastchester - Dyre Av,Bronx,5,1,POINT (-73.830834 40.8883),0,0,0,1,0,0,0,0,0,4948.0,-442.0,-923.0,114.0,1847.0,1.3689983779930692,-0.4000000000000057,-379.0,2376.0,7334.0,150.0,1256.0,-0.30298730935244267
Eastern Pkwy - Brooklyn Museum,Brooklyn,2 3,2,POINT (-73.964375 40.671987),0,1,0,0,0,0,0,0,0,4938.0,-301.0,8920.0,852.0,8755.0,-0.008550166697418593,0.6600000000000037,-6427.0,10093.0,20717.199999999997,342.5999999999999,3927.0,-0.8023986120126891
Elder Av,Bronx,6,1,POINT (-73.879159 40.828584),0,0,0,1,0,0,0,0,0,6377.0,-54.0,6232.0,218.0,4250.0,-0.48571701501192166,1.4200000000000088,-1252.0,4161.0,2812.600000000002,132.5999999999999,2577.0,-1.4340802133755548
Elmhurst Av,Queens,M R,2,POINT (-73.882017 40.742454),0,0,1,0,1,0,0,0,0,13597.0,-1134.0,3789.0,282.0,-6563.0,-0.04992845196133411,2.8333333333333357,-6391.0,-7222.0,6113.3333333333285,175.33333333333326,665.0,-1.70272183746778
Euclid Av,Brooklyn,A C,2,POINT (-73.872106 40.675377),1,0,0,0,0,0,0,0,0,10418.0,-227.0,7.0,71.0,5553.0,0.03512126344281663,2.0,-1398.0,2966.0,5654.0,128.0,2913.0,-0.9605239839899693
Far Rockaway - Mott Av,Queens,A,1,POINT (-73.755405 40.603995),1,0,0,0,0,0,0,0,0,2651.0,1784.0,2183.0,18.0,6003.0,0.013079238475610655,-0.09999999999999787,-600.0,1362.0,6738.0,188.0,908.0,1.3683869920709024
Flatbush Av - Brooklyn College,Brooklyn,2 5,2,POINT (-73.947642 40.632836),0,1,0,1,0,0,0,0,0,21941.0,-2178.0,7968.0,415.0,4425.0,0.4241005954852217,0.5500000000000043,-5017.0,3682.0,8009.25,209.0,4514.0,0.41571019301352985
Flushing - Main St,Queens,7,1,POINT (-73.83003 40.7596),0,0,0,0,0,1,0,0,0,60190.0,-4521.0,14542.0,1151.0,1037.0,1.3452897639973704,1.6999999999999957,-4982.0,-2740.0,-636.6666666666642,139.33333333333326,1483.0,0.811397372481959
Flushing Av,Brooklyn,G,1,POINT (-73.950234 40.700377),0,0,0,0,0,0,0,1,0,2373.0,576.0,17237.0,1164.0,28577.0,-0.14273233623556258,0.6199999999999974,-403.0,17624.0,12612.400000000001,319.60000000000014,10779.0,-0.808812821966931
Flushing Av,Brooklyn,J M,2,POINT (-73.941126 40.70026),0,0,1,0,0,0,0,0,1,9165.0,-829.0,17237.0,1164.0,28577.0,-0.14273233623556258,0.6199999999999974,-403.0,17624.0,12612.400000000001,319.60000000000014,10779.0,-0.808812821966931
Fordham Rd,Bronx,4,1,POINT (-73.901034 40.862803),0,0,0,1,0,0,0,0,0,12558.0,-2163.0,13475.0,422.0,40962.0,-0.008612375007654993,0.22222222222222143,-4251.0,20235.0,3557.0000000000036,145.8888888888889,10157.0,0.6578802764306224
Fordham Rd,Bronx,B D,2,POINT (-73.897749 40.861296),0,0,1,0,0,0,0,0,0,11878.0,-517.0,13475.0,422.0,40962.0,-0.008612375007654993,0.22222222222222143,-4251.0,20235.0,3557.0000000000036,145.8888888888889,10157.0,0.6578802764306224
Forest Av,Queens,M,1,POINT (-73.903077 40.704423),0,0,1,0,0,0,0,0,0,4103.0,-979.0,7965.0,381.0,1170.0,-0.2632053054585026,0.8000000000000043,-3277.0,5833.0,16251.5,244.5,741.0,-2.3927647730848545
Forest Hills - 71 Av,Queens,E F M R,4,POINT (-73.844521 40.721691),1,0,1,0,1,0,0,0,0,27728.0,-1115.0,9678.0,39.0,3731.0,0.6590043711537374,0.6000000000000014,-868.0,-50.0,8542.0,232.0,621.0,-0.7750938598915347
Fort Hamilton Pkwy,Brooklyn,D,1,POINT (-73.994304 40.640914),0,0,1,0,0,0,0,0,0,3984.0,-48.0,39937.0,2600.0,-22292.0,0.47990025047496276,1.2083333333333286,-22405.0,-7005.0,14104.000000000007,265.6666666666665,-4954.0,-1.8343177012862366
Fort Hamilton Pkwy,Brooklyn,N,1,POINT (-74.005351 40.631386),0,0,0,0,1,0,0,0,0,7034.0,-3802.0,39937.0,2600.0,-22292.0,0.47990025047496276,1.2083333333333286,-22405.0,-7005.0,14104.000000000007,265.6666666666665,-4954.0,-1.8343177012862366
Fort Hamilton Pkwy,Brooklyn,F G,2,POINT (-73.975776 40.650782),0,0,1,0,0,0,0,1,0,5531.0,276.0,39937.0,2600.0,-22292.0,0.47990025047496276,1.2083333333333286,-22405.0,-7005.0,14104.000000000007,265.6666666666665,-4954.0,-1.8343177012862366
Franklin Av,Brooklyn,C S,2,POINT (-73.95633749999999 40.680988),1,0,0,0,0,0,0,0,0,6227.0,131.0,9816.0,989.0,10040.0,-0.1513486495397509,0.480000000000004,-6563.0,15775.0,17474.800000000003,311.20000000000005,4910.0,-0.29406255331652087
Franklin Av,Brooklyn,2 3 4 5 S,5,POINT (-73.958131 40.670682),0,1,0,1,0,0,0,0,0,15775.0,-1194.0,9816.0,989.0,10040.0,-0.1513486495397509,0.480000000000004,-6563.0,15775.0,17474.800000000003,311.20000000000005,4910.0,-0.29406255331652087
Franklin St,Manhattan,1,1,POINT (-74.006886 40.719318),0,1,0,0,0,0,0,0,0,5825.0,118.0,28545.0,-573.0,2643.0,0.7398003339113557,1.6999999999999957,-2217.0,-326.0,22014.5,780.6666666666667,2143.0,-2.1807879079693504
Freeman St,Bronx,2 5,2,POINT (-73.891865 40.829993),0,1,0,1,0,0,0,0,0,4762.0,-311.0,4963.0,351.0,14460.0,0.10992643678285896,1.4799999999999933,-1163.0,6770.0,2919.7999999999993,121.19999999999993,5219.0,-0.42562501169883804
Fresh Pond Rd,Queens,M,1,POINT (-73.895877 40.706186),0,0,1,0,0,0,0,0,0,5333.0,-617.0,2225.0,286.0,9367.0,-0.08469498495126127,-0.15000000000000568,-1021.0,4680.0,17219.0,209.5,730.0,-2.8935543653725526
Fulton St,Brooklyn,G,1,POINT (-73.975375 40.687119),0,0,0,0,0,0,0,1,0,4266.0,1196.0,42715.0,705.0,25594.0,1.0481216852811115,1.4083333333333314,-3778.0,6812.0,29417.16666666667,881.7500000000002,10289.0,-1.2329261237407518
Fulton St,Manhattan,A C J Z 2 3 4 5,8,POINT (-74.00783824999999 40.71008875),1,1,0,1,0,0,0,0,1,64461.0,28529.0,42715.0,705.0,25594.0,1.0481216852811115,1.4083333333333314,-3778.0,6812.0,29417.16666666667,881.7500000000002,10289.0,-1.2329261237407518
Gates Av,Brooklyn,J Z,2,POINT (-73.92227 40.68963),0,0,0,0,0,0,0,0,1,5999.0,1256.0,6740.0,360.0,10215.0,-0.9418224906614925,0.9999999999999964,-237.0,11223.0,7076.666666666664,183.0,7620.0,-0.749812179124032
Graham Av,Brooklyn,L,1,POINT (-73.944053 40.714565),0,0,0,0,0,0,1,0,0,10136.0,-177.0,15452.0,940.0,12315.0,-0.17967868467088088,1.0249999999999986,-5102.0,13832.0,16158.75,399.5,5945.0,-0.12603274988738367
Grand Army Plaza,Brooklyn,2 3,2,POINT (-73.971046 40.675235),0,1,0,0,0,0,0,0,0,8066.0,-878.0,5474.0,503.0,6530.0,0.32805195446082847,0.9666666666666686,-4433.0,2165.0,24507.0,381.0,2190.0,-1.5000482128282755
Grand Av - Newtown,Queens,M R,2,POINT (-73.877223 40.737015),0,0,1,0,1,0,0,0,0,18298.0,191.0,1323.0,197.0,-3163.0,0.9809790099554572,0.6500000000000057,-2224.0,-3530.0,8246.0,166.0,-3.0,-1.7677478790206314
Grand Central - 42 St,Manhattan,S 4 5 6 7,5,POINT (-73.97735933333333 40.751992),0,0,0,1,0,1,0,0,0,153861.0,1484.0,89113.0,-1284.0,14269.0,-1.2240156368757193,1.2142857142857153,-2896.0,6613.0,16536.857142857145,471.8571428571429,9109.0,-1.041601691519789
Grand St,Brooklyn,L,1,POINT (-73.94067 40.711926),0,0,0,0,0,0,1,0,0,7444.0,-480.0,39810.0,522.0,730.0,-0.2358862440474896,1.4454545454545382,-8929.0,8379.0,16673.272727272735,475.81818181818176,8179.0,-0.1113856988456785
Grand St,Manhattan,B D,2,POINT (-73.993753 40.718267),0,0,1,0,0,0,0,0,0,23770.0,-348.0,39810.0,522.0,730.0,-0.2358862440474896,1.4454545454545382,-8929.0,8379.0,16673.272727272735,475.81818181818176,8179.0,-0.1113856988456785
Grant Av,Brooklyn,A,1,POINT (-73.86505 40.677044),1,0,0,0,0,0,0,0,0,6270.0,-374.0,974.0,213.0,7190.0,-0.1791852395162663,2.039999999999999,-2187.0,2382.0,8751.200000000004,191.0,1727.0,0.2800884292380901
Greenpoint Av,Brooklyn,G,1,POINT (-73.954449 40.731352),0,0,0,0,0,0,0,1,0,8461.0,1048.0,1681.0,270.0,2306.0,-1.1248616842850168,1.0999999999999943,-867.0,2072.0,21372.0,530.0,156.0,1.7641206039529123
Gun Hill Rd,Bronx,5,1,POINT (-73.846384 40.869526),0,0,0,1,0,0,0,0,0,6002.0,-640.0,31951.0,176.0,9614.0,-0.6954832430859481,3.4000000000000057,-2577.0,3341.0,2819.75,165.75,1282.0,-1.4070705851970233
Gun Hill Rd,Bronx,2 5,2,POINT (-73.866256 40.87785),0,1,0,1,0,0,0,0,0,7339.0,-409.0,31951.0,176.0,9614.0,-0.6954832430859481,3.4000000000000057,-2577.0,3341.0,2819.75,165.75,1282.0,-1.4070705851970233
Halsey St,Brooklyn,J,1,POINT (-73.916559 40.68637),0,0,0,0,0,0,0,0,1,5805.0,774.0,19336.0,1006.0,13380.0,-0.6894297221335832,1.142857142857146,-4561.0,24335.0,9858.0,206.1428571428571,13870.0,-1.3459724930649508
Halsey St,Queens,L,1,POINT (-73.904084 40.695602),0,0,0,0,0,0,1,0,0,7308.0,1078.0,19336.0,1006.0,13380.0,-0.6894297221335832,1.142857142857146,-4561.0,24335.0,9858.0,206.1428571428571,13870.0,-1.3459724930649508
Harlem - 148 St,Manhattan,3,1,POINT (-73.93647 40.82388),0,1,0,0,0,0,0,0,0,3790.0,284.0,23372.0,236.0,15146.0,-0.2014066260972891,0.7000000000000028,-6618.0,13949.0,8580.875,193.0,7743.0,0.030824815679530992
Hewes St,Brooklyn,J M,2,POINT (-73.953431 40.70687),0,0,1,0,0,0,0,0,1,2859.0,-77.0,10518.0,729.0,19239.0,0.28949266418232256,0.7666666666666657,-1804.0,10358.0,14747.333333333336,372.66666666666674,6774.0,-0.8848043473539624
High St,Brooklyn,A C,2,POINT (-73.990531 40.699337),1,0,0,0,0,0,0,0,0,7543.0,2738.0,1425.0,300.0,8155.0,1.5579980502280266,0.0,-50.0,2871.0,29627.0,614.0,2906.0,0.5135360346389062
Houston St,Manhattan,1,1,POINT (-74.005367 40.728251),0,1,0,0,0,0,0,0,0,15736.0,-38.0,19791.0,-727.0,-4272.0,-0.8463314892806773,0.7800000000000011,-1811.0,-2124.0,21248.800000000003,315.8000000000002,-11.0,-2.280234935588832
Howard Beach - JFK Airport,Queens,A,1,POINT (-73.830301 40.660476),1,0,0,0,0,0,0,0,0,4972.0,-1596.0,-73.0,118.0,2088.0,-1.0121333798788323,1.7000000000000028,-756.0,470.0,8098.666666666664,187.66666666666674,-682.0,0.7931187735079559
Hoyt - Schermerhorn Sts,Brooklyn,A C G,3,POINT (-73.985001 40.688484),1,0,0,0,0,0,0,1,0,9604.0,936.0,9028.0,789.0,17545.0,1.1497316327248708,0.30000000000000426,-575.0,3704.0,22296.5,360.5,5209.0,-1.6743003637881504
Hoyt St,Brooklyn,A C,2,POINT (-73.985065 40.690545),1,0,0,0,0,0,0,0,0,6657.0,281.0,6276.0,660.0,13837.0,1.2421281457829503,0.20000000000000284,-306.0,3763.0,22382.33333333333,429.33333333333326,4830.0,-0.6831016275910207
Hunters Point Av,Queens,7,1,POINT (-73.948916 40.742216),0,0,0,0,0,1,0,0,0,6400.0,805.0,6360.0,422.0,9269.0,-0.7762204127334082,0.7666666666666657,-1463.0,6289.0,20780.333333333343,711.6666666666665,6736.0,1.341088734900775
Hunts Point Av,Bronx,6,1,POINT (-73.890549 40.820948),0,0,0,1,0,0,0,0,0,10144.0,316.0,8343.0,231.0,4536.0,-0.8747880714350731,1.4800000000000004,-1095.0,3502.0,2739.2000000000007,151.19999999999993,2405.0,-1.2200983557621226
Intervale Av,Bronx,2 5,2,POINT (-73.896736 40.822181),0,1,0,1,0,0,0,0,0,3420.0,-290.0,6636.0,231.0,10184.0,-0.2096131593129824,1.5749999999999993,-162.0,4219.0,2722.25,152.0,3674.0,-0.3489963875096147
Inwood - 207 St,Manhattan,A,1,POINT (-73.919899 40.868072),1,0,0,0,0,0,0,0,0,8866.0,-73.0,1112.0,95.0,7971.0,0.6043165837371856,0.1666666666666714,-2037.0,5117.0,6743.6666666666715,198.33333333333326,3432.0,0.5082806766765091
Jackson Av,Bronx,2 5,2,POINT (-73.907807 40.81649),0,1,0,1,0,0,0,0,0,5432.0,-144.0,9866.0,267.0,11419.0,-0.4702772184034143,1.6800000000000033,-837.0,5687.0,2831.2000000000007,141.0,5246.0,-0.6424329892073533
Jamaica - 179 St,Queens,F,1,POINT (-73.783817 40.712646),0,0,1,0,0,0,0,0,0,23280.0,-1828.0,1138.0,142.0,3809.0,-0.34715245434278064,1.2000000000000028,-147.0,1683.0,7821.333333333336,224.33333333333326,520.0,1.8280834597945828
Jamaica - Van Wyck,Queens,E,1,POINT (-73.816859 40.702566),1,0,0,0,0,0,0,0,0,4992.0,-275.0,2793.0,321.0,8095.0,-0.6560408392497941,0.9750000000000014,-884.0,2953.0,8954.0,202.25,319.0,-0.6425411077867649
Jamaica Center - Parsons/Archer,Queens,E J Z,3,POINT (-73.801109 40.702147),1,0,0,0,0,0,0,0,1,41686.0,-5318.0,2390.0,182.0,9788.0,0.00252972495505821,0.9666666666666686,-89.0,4199.0,8378.333333333336,216.66666666666652,589.0,0.7372910405522903
Jay St - MetroTech,Brooklyn,A C F R,4,POINT (-73.98664199999999 40.692259),1,0,1,0,1,0,0,0,0,40183.0,2091.0,6276.0,660.0,13837.0,1.2421281457829503,0.20000000000000284,-306.0,3763.0,22382.33333333333,429.33333333333326,4830.0,-0.6831016275910207
Jefferson St,Brooklyn,L,1,POINT (-73.922913 40.706607),0,0,0,0,0,0,1,0,0,6612.0,1062.0,14684.0,816.0,10508.0,-0.4688135360861101,0.5999999999999979,-1876.0,13099.0,12830.75,242.25,4746.0,-1.3143616169834615
Junction Blvd,Queens,7,1,POINT (-73.869527 40.749145),0,0,0,0,0,1,0,0,0,20818.0,282.0,4694.0,359.0,-2205.0,1.1950086400854099,1.7333333333333272,-6600.0,-5607.0,5349.666666666664,172.66666666666652,822.0,-0.981243443186719
Junius St,Brooklyn,3,1,POINT (-73.902447 40.663515),0,1,0,0,0,0,0,0,0,2206.0,-126.0,5550.0,170.0,-5398.0,-0.016746598693107018,3.299999999999997,-5850.0,4107.0,2932.3333333333358,99.0,6748.0,-0.4933344212122326
Kew Gardens - Union Tpke,Queens,E F,2,POINT (-73.831008 40.714441),1,0,1,0,0,0,0,0,0,28289.0,-2753.0,13034.0,307.0,12203.0,0.03101291120877203,1.0799999999999983,-1429.0,1742.0,6307.199999999997,200.79999999999995,931.0,-0.44906740372250287
Kings Hwy,Brooklyn,F,1,POINT (-73.972361 40.603217),0,0,1,0,0,0,0,0,0,3655.0,912.0,46969.0,1993.0,37404.0,-0.1569373701117871,-0.5900000000000034,-5949.0,6246.0,7997.0,222.5999999999999,4694.0,1.0386187164623695
Kings Hwy,Brooklyn,N,1,POINT (-73.980353 40.603923),0,0,0,0,1,0,0,0,0,5154.0,-1826.0,46969.0,1993.0,37404.0,-0.1569373701117871,-0.5900000000000034,-5949.0,6246.0,7997.0,222.5999999999999,4694.0,1.0386187164623695
Kings Hwy,Brooklyn,B Q,2,POINT (-73.957734 40.60867),0,0,1,0,1,0,0,0,0,18799.0,770.0,46969.0,1993.0,37404.0,-0.1569373701117871,-0.5900000000000034,-5949.0,6246.0,7997.0,222.5999999999999,4694.0,1.0386187164623695
Kingsbridge Rd,Bronx,4,1,POINT (-73.897174 40.86776),0,0,0,1,0,0,0,0,0,10431.0,-1439.0,10348.0,168.0,33732.0,-0.7058941521599249,0.3333333333333286,-1604.0,13266.0,5292.333333333336,157.66666666666652,6454.0,0.5073302784616041
Kingsbridge Rd,Bronx,B D,2,POINT (-73.893509 40.866978),0,0,1,0,0,0,0,0,0,7422.0,500.0,10348.0,168.0,33732.0,-0.7058941521599249,0.3333333333333286,-1604.0,13266.0,5292.333333333336,157.66666666666652,6454.0,0.5073302784616041
Kingston - Throop Avs,Brooklyn,C,1,POINT (-73.940858 40.679921),1,0,0,0,0,0,0,0,0,5678.0,907.0,8300.0,588.0,17495.0,-0.9106834976208344,-0.10000000000000142,1809.0,14683.0,10243.25,229.0,6756.0,-0.02453119605951848
Kingston Av,Brooklyn,3,1,POINT (-73.942161 40.669399),0,1,0,0,0,0,0,0,0,4949.0,-326.0,3426.0,569.0,2340.0,-0.2821578730243912,0.625,-3059.0,10414.0,9964.5,236.5,4922.0,0.17804325245359687
Knickerbocker Av,Brooklyn,M,1,POINT (-73.919711 40.698664),0,0,1,0,0,0,0,0,0,3429.0,-983.0,14684.0,816.0,10508.0,-0.4688135360861101,0.5999999999999979,-1876.0,13099.0,12830.75,242.25,4746.0,-1.3143616169834615
Kosciuszko St,Brooklyn,J,1,POINT (-73.928814 40.693342),0,0,0,0,0,0,0,0,1,4751.0,1393.0,12794.0,627.0,3170.0,-0.47282539374117194,0.6666666666666679,-914.0,8752.0,9953.666666666664,246.33333333333326,3959.0,-0.6126913065717332
Lafayette Av,Brooklyn,C,1,POINT (-73.973946 40.686113),1,0,0,0,0,0,0,0,0,4825.0,64.0,8354.0,894.0,16482.0,0.9171574509448055,0.4750000000000014,-2296.0,5601.0,21809.75,407.0,6069.0,-0.8363827471177254
Lexington Av/53 St / 51 St,Manhattan,E M 6,3,POINT (-73.97048749999999 40.7573295),1,0,1,1,0,0,0,0,0,69973.0,-5474.0,74491.0,-470.0,6096.0,-0.6753506321074076,0.9600000000000009,-1295.0,1405.0,20960.0,365.5999999999999,3257.0,-2.8824497862699805
Lexington Av/59 St,Manhattan,N W R 4 5 6,6,POINT (-73.967258 40.76266),0,0,0,1,1,0,0,0,0,67841.0,-12233.0,31553.0,-745.0,8601.0,-0.2549917439807925,0.8200000000000003,-771.0,360.0,17981.79999999999,359.79999999999995,3483.0,-4.1473365729079115
Lexington Av/63 St,Manhattan,F Q,2,POINT (-73.966113 40.764629),0,0,1,0,1,0,0,0,0,15404.0,5990.0,31553.0,-745.0,8601.0,-0.2549917439807925,0.8200000000000003,-771.0,360.0,17981.79999999999,359.79999999999995,3483.0,-4.1473365729079115
Liberty Av,Brooklyn,C,1,POINT (-73.896548 40.674542),1,0,0,0,0,0,0,0,0,2658.0,96.0,4888.0,235.0,-292.0,-0.9280615991574592,2.8999999999999986,-4272.0,6930.0,2715.333333333332,106.66666666666663,7032.0,-0.13413075500904315
Livonia Av,Brooklyn,L,1,POINT (-73.900571 40.664038),0,0,0,0,0,0,1,0,0,2959.0,250.0,5550.0,170.0,-5398.0,-0.016746598693107018,3.299999999999997,-5850.0,4107.0,2932.3333333333358,99.0,6748.0,-0.4933344212122326
Longwood Av,Bronx,6,1,POINT (-73.896435 40.816104),0,0,0,1,0,0,0,0,0,3494.0,-99.0,6636.0,231.0,10184.0,-0.2096131593129824,1.5749999999999993,-162.0,4219.0,2722.25,152.0,3674.0,-0.3489963875096147
Lorimer St,Brooklyn,J M,2,POINT (-73.947408 40.703869),0,0,1,0,0,0,0,0,1,4796.0,41.0,10518.0,729.0,19239.0,0.28949266418232256,0.7666666666666657,-1804.0,10358.0,14747.333333333336,372.66666666666674,6774.0,-0.8848043473539624
Lorimer St / Metropolitan Av,Brooklyn,L G,2,POINT (-73.95084650000001 40.7134275),0,0,0,0,0,0,1,1,0,14004.0,295.0,9377.0,748.0,18483.0,-0.2728925355046541,0.9666666666666615,-2787.0,12346.0,17864.666666666664,446.3333333333335,5991.0,-0.11074379348058327
Marble Hill - 225 St,Manhattan,1,1,POINT (-73.909831 40.874561),0,1,0,0,0,0,0,0,0,5456.0,-23.0,2416.0,125.0,9165.0,0.3002949803618038,0.36666666666666714,-2312.0,4512.0,6702.666666666664,183.0,2635.0,0.36001391682100037
Marcy Av,Brooklyn,J M Z,3,POINT (-73.957757 40.708359),0,0,1,0,0,0,0,0,1,11775.0,1540.0,7696.0,478.0,16177.0,-0.1068797481113326,0.8999999999999986,-1920.0,10274.0,16111.0,404.5,5835.0,-0.6306348332633771
Mets - Willets Point,Queens,7,1,POINT (-73.845625 40.754622),0,0,0,0,0,1,0,0,0,4675.0,-69.0,14542.0,1151.0,1037.0,1.3452897639973704,1.6999999999999957,-4982.0,-2740.0,-636.6666666666642,139.33333333333326,1483.0,0.811397372481959
Middle Village - Metropolitan Av,Queens,M,1,POINT (-73.889601 40.711396),0,0,1,0,0,0,0,0,0,4092.0,-867.0,2225.0,286.0,9367.0,-0.08469498495126127,-0.15000000000000568,-1021.0,4680.0,17219.0,209.5,730.0,-2.8935543653725526
Middletown Rd,Bronx,6,1,POINT (-73.836322 40.843863),0,0,0,1,0,0,0,0,0,1514.0,522.0,692.0,89.0,-1382.0,0.11131440695665296,-0.4000000000000057,-654.0,758.0,4265.0,174.0,-695.0,0.3403861340974257
Montrose Av,Brooklyn,L,1,POINT (-73.93985 40.707739),0,0,0,0,0,0,1,0,0,6731.0,153.0,13771.0,670.0,10009.0,-0.04028275864900177,1.0,-4235.0,11760.0,14421.0,356.0,5789.0,-0.532914291693698
Morgan Av,Brooklyn,L,1,POINT (-73.933147 40.706152),0,0,0,0,0,0,1,0,0,7126.0,384.0,16234.0,849.0,12523.0,-0.41834456506220086,0.75,-2981.0,15423.0,13559.5,330.5,8192.0,-0.7697807754342478
Morris Park,Bronx,5,1,POINT (-73.860495 40.854364),0,0,0,1,0,0,0,0,0,2210.0,207.0,34055.0,240.0,5010.0,-0.5650843755217294,1.4750000000000014,-2404.0,4081.0,4413.25,170.25,774.0,-0.9469252197790601
Morrison Av- Sound View,Bronx,6,1,POINT (-73.874516 40.829521),0,0,0,1,0,0,0,0,0,6588.0,-227.0,4830.0,209.0,4642.0,-0.34245748787238295,1.5,-966.0,4056.0,3561.5,123.75,2608.0,-1.52174037414734
Mosholu Pkwy,Bronx,4,1,POINT (-73.884655 40.87975),0,0,0,1,0,0,0,0,0,9588.0,-1393.0,36703.0,188.0,22426.0,-0.4936482361368566,1.3200000000000003,-1697.0,8530.0,3080.800000000003,169.5999999999999,4243.0,-0.014060403591054094
Mt Eden Av,Bronx,4,1,POINT (-73.914685 40.844434),0,0,0,1,0,0,0,0,0,5995.0,-658.0,5127.0,333.0,11727.0,0.7622154998168873,0.5749999999999993,-1754.0,5085.0,2057.0,137.5,4457.0,0.5136851973217782
Myrtle - Willoughby Avs,Brooklyn,G,1,POINT (-73.949046 40.694568),0,0,0,0,0,0,0,1,0,4916.0,820.0,11755.0,858.0,14925.0,-0.10345224187193747,0.17500000000000426,928.0,11521.0,11991.25,273.75,5639.0,-0.45274279477056645
Myrtle - Wyckoff Avs,Brooklyn,L M,2,POINT (-73.9119855 40.699622000000005),0,0,1,0,0,0,1,0,0,18167.0,3074.0,12596.0,646.0,3165.0,-0.5311771811926214,1.25,-4324.0,13112.0,11944.0,223.5,6250.0,-1.8229412351045693
Myrtle Av,Brooklyn,J M Z,3,POINT (-73.935657 40.697207),0,0,1,0,0,0,0,0,1,10876.0,1246.0,12794.0,627.0,3170.0,-0.47282539374117194,0.6666666666666679,-914.0,8752.0,9953.666666666664,246.33333333333326,3959.0,-0.6126913065717332
Nassau Av,Brooklyn,G,1,POINT (-73.951277 40.724635),0,0,0,0,0,0,0,1,0,8435.0,877.0,5121.0,492.0,11659.0,-0.4814561844068477,1.0499999999999972,-2934.0,8743.0,22874.5,556.5,4389.0,-0.15296297064022468
Neck Rd,Brooklyn,B Q,2,POINT (-73.955161 40.595246),0,0,1,0,1,0,0,0,0,3941.0,464.0,22656.0,815.0,13266.0,-1.0084490095629617,-0.5333333333333314,-1182.0,3574.0,9609.0,225.66666666666652,1596.0,0.7389195816380423
Neptune Av,Brooklyn,F,1,POINT (-73.974574 40.581011),0,0,1,0,0,0,0,0,0,1749.0,-233.0,22136.0,929.0,24643.0,-0.7842758101378466,-0.9500000000000028,-981.0,6089.0,8993.0,197.0,3122.0,1.3123128318715649
Nereid Av,Bronx,2 5,2,POINT (-73.854376 40.898379),0,1,0,1,0,0,0,0,0,3878.0,-441.0,31774.0,156.0,7430.0,0.14613166916724873,2.1000000000000014,-609.0,3429.0,2330.6666666666642,185.33333333333326,1818.0,-0.7203171669705632
Nevins St,Brooklyn,2 3 4 5,4,POINT (-73.980492 40.688246),0,1,0,1,0,0,0,0,0,11468.0,-1042.0,8354.0,894.0,16482.0,0.9171574509448055,0.4750000000000014,-2296.0,5601.0,21809.75,407.0,6069.0,-0.8363827471177254
New Lots Av,Brooklyn,3,1,POINT (-73.884079 40.666235),0,1,0,0,0,0,0,0,0,6349.0,-776.0,7725.0,327.0,-364.0,-0.05914422391118945,3.059999999999995,-9549.0,10689.0,3749.800000000003,115.20000000000005,12767.0,-0.753775567453363
New Lots Av,Brooklyn,L,1,POINT (-73.899232 40.658733),0,0,0,0,0,0,1,0,0,4785.0,84.0,7725.0,327.0,-364.0,-0.05914422391118945,3.059999999999995,-9549.0,10689.0,3749.800000000003,115.20000000000005,12767.0,-0.753775567453363
New Utrecht Av / 62 St,Brooklyn,N G,2,POINT (-73.996624 40.625657000000004),0,0,0,0,1,0,0,1,0,5159.0,-486.0,10635.0,685.0,-9855.0,0.35248942010529527,0.56666666666667,-4117.0,-3923.0,5103.333333333336,199.0,-2509.0,-0.636954254605071
Newkirk Av,Brooklyn,2 5,2,POINT (-73.948411 40.639967),0,1,0,1,0,0,0,0,0,7757.0,-445.0,-662.0,266.0,-431.0,0.4582879518590266,1.0333333333333314,-4093.0,2763.0,8222.0,218.33333333333326,3866.0,0.7216238759849336
Newkirk Plaza,Brooklyn,B Q,2,POINT (-73.962793 40.635082),0,0,1,0,1,0,0,0,0,10788.0,-254.0,14217.0,538.0,8296.0,0.04537355001088539,0.5500000000000043,-5521.0,3438.0,11532.5,227.0,2605.0,-0.3948559914005556
Northern Blvd,Queens,M R,2,POINT (-73.906006 40.752885),0,0,1,0,1,0,0,0,0,7235.0,-331.0,7861.0,375.0,-2810.0,-0.2570809912165406,1.43333333333333,-7757.0,303.0,11198.333333333336,242.83333333333326,6460.0,-1.5639057433318282
Norwood - 205 St,Bronx,D,1,POINT (-73.878855 40.874811),0,0,1,0,0,0,0,0,0,8043.0,386.0,35014.0,164.0,21486.0,-0.23080163891340266,1.3999999999999986,-574.0,7907.0,2777.75,164.75,4154.0,0.1988703382115209
Norwood Av,Brooklyn,J Z,2,POINT (-73.880039 40.68141),0,0,0,0,0,0,0,0,1,3492.0,-302.0,4065.0,346.0,12372.0,-0.23334369558924983,1.93333333333333,-4661.0,10929.0,10471.333333333336,169.66666666666674,6806.0,-1.9677970221598118
Nostrand Av,Brooklyn,3,1,POINT (-73.950466 40.669847),0,1,0,0,0,0,0,0,0,4151.0,-244.0,15307.0,1452.0,21026.0,-0.49246660119284247,0.45000000000000284,-4641.0,25248.0,14022.625,279.25,10407.0,-0.3853738682141117
Nostrand Av,Brooklyn,A C,2,POINT (-73.950426 40.680438),1,0,0,0,0,0,0,0,0,16843.0,594.0,15307.0,1452.0,21026.0,-0.49246660119284247,0.45000000000000284,-4641.0,25248.0,14022.625,279.25,10407.0,-0.3853738682141117
Ocean Pkwy,Brooklyn,Q,1,POINT (-73.968501 40.576312),0,0,0,0,1,0,0,0,0,3141.0,58.0,14114.0,470.0,7670.0,-1.0363468879761917,-0.6000000000000014,-1684.0,3016.0,8274.5,145.0,844.0,0.347186802827093
Ozone Park - Lefferts Blvd,Queens,A,1,POINT (-73.825798 40.685951),1,0,0,0,0,0,0,0,0,7476.0,115.0,1450.0,277.0,2563.0,-0.6447812973588096,2.0,-1549.0,860.0,11080.5,210.25,-311.0,-0.7775468451678536
Park Pl,Brooklyn,S,1,POINT (-73.957624 40.674772),0,0,0,0,0,0,0,0,0,2077.0,-352.0,5524.0,583.0,4870.0,-0.30204260945260186,0.5666666666666629,-3984.0,9766.0,16718.999999999993,303.33333333333326,2976.0,-0.4166444947207637
Parkchester,Bronx,6,1,POINT (-73.860816 40.833226),0,0,0,1,0,0,0,0,0,16614.0,-954.0,6932.0,207.0,3655.0,-0.3599254982277422,1.0749999999999957,-746.0,3113.0,4391.25,140.75,1555.0,-1.2752272828589484
Parkside Av,Brooklyn,B Q,2,POINT (-73.961495 40.655292),0,0,1,0,1,0,0,0,0,4240.0,1810.0,8611.0,715.0,4047.0,-0.5169295409354735,1.1749999999999972,-6635.0,7819.0,15330.0,270.5,3236.0,-1.112676912156585
Parsons Blvd,Queens,F,1,POINT (-73.803326 40.707564),0,0,1,0,0,0,0,0,0,6463.0,-1.0,2390.0,182.0,9788.0,0.00252972495505821,0.9666666666666686,-89.0,4199.0,8378.333333333336,216.66666666666652,589.0,0.7372910405522903
Pelham Bay Park,Bronx,6,1,POINT (-73.828121 40.852462),0,0,0,1,0,0,0,0,0,6772.0,229.0,167.0,238.0,-35.0,0.13166318814407107,0.875,-2780.0,2459.0,6672.5,151.25,-257.0,-1.2088622808021143
Pelham Pkwy,Bronx,5,1,POINT (-73.855359 40.858985),0,0,0,1,0,0,0,0,0,3254.0,-171.0,70606.0,576.0,22542.0,-0.5136136528249513,1.3200000000000074,-3642.0,13279.0,4917.9000000000015,162.5,3864.0,-0.7240313492169359
Pelham Pkwy,Bronx,2 5,2,POINT (-73.867615 40.857192),0,1,0,1,0,0,0,0,0,9614.0,-1142.0,70606.0,576.0,22542.0,-0.5136136528249513,1.3200000000000074,-3642.0,13279.0,4917.9000000000015,162.5,3864.0,-0.7240313492169359
Pennsylvania Av,Brooklyn,3,1,POINT (-73.894895 40.664635),0,1,0,0,0,0,0,0,0,5675.0,-1344.0,2779.0,140.0,-8512.0,-0.651025756089163,4.550000000000004,-5082.0,2986.0,1094.5,88.0,4921.0,-0.42251816953122745
President St,Brooklyn,2 5,2,POINT (-73.950683 40.667883),0,1,0,1,0,0,0,0,0,3969.0,50.0,7038.0,725.0,9106.0,-0.3853797164407258,0.5750000000000028,-3650.0,12671.0,14268.25,280.5,4523.0,-0.3295033149286586
Prince St,Manhattan,R W,2,POINT (-73.997702 40.724329),0,0,0,0,1,0,0,0,0,15261.0,-853.0,22010.0,-725.0,-16355.0,-0.4755276725685542,1.2142857142857153,-4694.0,-5867.0,15786.28571428571,271.42857142857133,503.0,-0.9151318367712991
Prospect Av,Brooklyn,R,1,POINT (-73.992872 40.665414),0,0,0,0,1,0,0,0,0,5934.0,-411.0,15938.0,620.0,14664.0,0.18315232628208777,1.6875,-4710.0,4611.0,9511.25,201.875,5065.0,-1.2567474557369063
Prospect Av,Bronx,2 5,2,POINT (-73.90177 40.819585),0,1,0,1,0,0,0,0,0,7424.0,-386.0,15938.0,620.0,14664.0,0.18315232628208777,1.6875,-4710.0,4611.0,9511.25,201.875,5065.0,-1.2567474557369063
Prospect Park,Brooklyn,B Q,2,POINT (-73.962246 40.661614),0,0,1,0,1,0,0,0,0,9761.0,298.0,3896.0,514.0,4297.0,-0.18198758998724252,1.06666666666667,-4732.0,8482.0,14783.333333333336,282.0,3507.0,-0.5488222824924005
Queens Plaza,Queens,E M R,3,POINT (-73.937243 40.748973),1,0,1,0,1,0,0,0,0,9696.0,3051.0,4418.0,120.0,4506.0,-1.3379767654196906,0.10000000000000142,-615.0,3309.0,18250.0,419.0,4860.0,-1.114294857938991
Queensboro Plaza,Queens,N W 7,3,POINT (-73.940202 40.750582),0,0,0,0,1,1,0,0,0,11132.0,3385.0,4418.0,120.0,4506.0,-1.3379767654196906,0.10000000000000142,-615.0,3309.0,18250.0,419.0,4860.0,-1.114294857938991
Ralph Av,Brooklyn,C,1,POINT (-73.920786 40.678822),1,0,0,0,0,0,0,0,0,5381.0,387.0,6086.0,416.0,14970.0,-1.1685782401474443,0.06666666666666288,2398.0,10512.0,7949.333333333336,203.33333333333326,6061.0,-0.3408885050420807
Rector St,Manhattan,1,1,POINT (-74.013783 40.707513),0,1,0,0,0,0,0,0,0,11323.0,-2318.0,46744.0,202.0,12936.0,1.8131629275319416,1.9142857142857181,-1158.0,-178.0,34864.28571428571,1252.8571428571427,6672.0,-4.042013682705492
Rector St,Manhattan,R W,2,POINT (-74.013342 40.70722),0,0,0,0,1,0,0,0,0,5362.0,1823.0,46744.0,202.0,12936.0,1.8131629275319416,1.9142857142857181,-1158.0,-178.0,34864.28571428571,1252.8571428571427,6672.0,-4.042013682705492
Rockaway Av,Brooklyn,3,1,POINT (-73.908946 40.662549),0,1,0,0,0,0,0,0,0,5632.0,-885.0,7667.0,375.0,-8804.0,-0.8192956197922818,3.5600000000000023,-9354.0,9916.0,2067.0,99.20000000000005,11953.0,-0.2561888275459445
Rockaway Av,Brooklyn,C,1,POINT (-73.911946 40.67834),1,0,0,0,0,0,0,0,0,5137.0,530.0,7667.0,375.0,-8804.0,-0.8192956197922818,3.5600000000000023,-9354.0,9916.0,2067.0,99.20000000000005,11953.0,-0.2561888275459445
Rockaway Blvd,Queens,A,1,POINT (-73.843853 40.680429),1,0,0,0,0,0,0,0,0,8662.0,-1128.0,490.0,82.0,2098.0,0.4652414518271142,2.3500000000000085,-301.0,23.0,11037.5,205.0,-574.0,-2.80210749354835
Rockaway Park - Beach 116 St,Queens,A S,2,POINT (-73.835592 40.580903),1,0,0,0,0,0,0,0,0,379.0,317.0,276.0,21.0,-371.0,-2.0710256271802843,4.799999999999997,-216.0,-270.0,4032.0,160.0,13.0,2.599472379821932
Roosevelt Island,Manhattan,F,1,POINT (-73.95326 40.759145),0,0,1,0,0,0,0,0,0,6321.0,832.0,24027.0,-435.0,6014.0,-1.4462449597743676,0.7000000000000028,-2088.0,3276.0,16841.399999999994,446.1999999999998,5501.0,-4.927919589569118
Saratoga Av,Brooklyn,3,1,POINT (-73.916327 40.661453),0,1,0,0,0,0,0,0,0,5807.0,-561.0,3382.0,84.0,-4879.0,0.04463096454616622,3.25,-3549.0,491.0,2249.5,73.0,3642.0,-0.045065279444067574
Seneca Av,Queens,M,1,POINT (-73.90774 40.702762),0,0,1,0,0,0,0,0,0,2428.0,-610.0,10428.0,560.0,3684.0,-0.6673831694855803,0.5333333333333279,-2023.0,9496.0,14492.666666666672,247.66666666666652,3144.0,-1.9317677372051256
Sheepshead Bay,Brooklyn,B Q,2,POINT (-73.954155 40.586896),0,0,1,0,1,0,0,0,0,14010.0,-64.0,22656.0,815.0,13266.0,-1.0084490095629617,-0.5333333333333314,-1182.0,3574.0,9609.0,225.66666666666652,1596.0,0.7389195816380423
Shepherd Av,Brooklyn,C,1,POINT (-73.88075 40.67413),1,0,0,0,0,0,0,0,0,3149.0,33.0,2175.0,157.0,5034.0,-0.0657844266282237,2.6999999999999957,-3699.0,6582.0,4976.0,139.5,6019.0,-1.249746873852975
Simpson St,Bronx,2 5,2,POINT (-73.893064 40.824073),0,1,0,1,0,0,0,0,0,9672.0,-1195.0,8113.0,247.0,7324.0,-0.363016225314694,1.2199999999999989,-586.0,3019.0,2631.600000000002,136.19999999999993,3285.0,-0.7248918293928042
Smith - 9 Sts,Brooklyn,F G,2,POINT (-73.995959 40.67358),0,0,1,0,0,0,0,1,0,2854.0,1835.0,8550.0,354.0,3751.0,1.520817433877275,1.433333333333323,-3490.0,-300.0,21011.333333333343,279.66666666666674,130.0,-3.191667945054366
South Ferry / Whitehall St,Manhattan,1 R W,3,POINT (-74.013329 40.7025775),0,1,0,0,1,0,0,0,0,20405.0,13392.0,5107.0,72.0,6594.0,1.473747951642923,2.0,-472.0,1062.0,38845.0,1175.3999999999999,2989.0,-4.34665334614468
Spring St,Manhattan,6,1,POINT (-73.997141 40.722301),0,0,0,1,0,0,0,0,0,12257.0,-1435.0,26797.0,-1313.0,-18932.0,-0.49699948835894014,1.0454545454545467,-5853.0,-7254.0,17488.454545454544,297.72727272727275,401.0,-1.219531190969958
Spring St,Manhattan,C E,2,POINT (-74.003739 40.726227),1,0,0,0,0,0,0,0,0,13136.0,-82.0,26797.0,-1313.0,-18932.0,-0.49699948835894014,1.0454545454545467,-5853.0,-7254.0,17488.454545454544,297.72727272727275,401.0,-1.219531190969958
St Lawrence Av,Bronx,6,1,POINT (-73.867618 40.831509),0,0,0,1,0,0,0,0,0,3995.0,45.0,6932.0,207.0,3655.0,-0.3599254982277422,1.0749999999999957,-746.0,3113.0,4391.25,140.75,1555.0,-1.2752272828589484
Steinway St,Queens,M R,2,POINT (-73.92074 40.756879),0,0,1,0,1,0,0,0,0,14769.0,821.0,8137.0,327.0,1161.0,-0.4273799837094805,0.6833333333333371,-5772.0,3591.0,12669.666666666664,293.6666666666665,7634.0,-1.7468910271945526
Sterling St,Brooklyn,2 5,2,POINT (-73.95085 40.662742),0,1,0,1,0,0,0,0,0,5915.0,-231.0,4012.0,672.0,4292.0,-0.15591782614524652,0.6799999999999997,-4396.0,13301.0,10235.200000000004,237.5999999999999,6148.0,0.18510472440540493
Sutphin Blvd,Queens,F,1,POINT (-73.810708 40.70546),0,0,1,0,0,0,0,0,0,4932.0,-641.0,3589.0,286.0,11704.0,-0.2738697937328838,1.1799999999999997,13.0,3552.0,7151.800000000003,208.60000000000014,685.0,0.3866433436173433
Sutphin Blvd - Archer Av - JFK Airport,Queens,E J Z,3,POINT (-73.807969 40.700486),1,0,0,0,0,0,0,0,1,23012.0,376.0,4152.0,371.0,11902.0,-0.3751588796468086,0.8999999999999986,-341.0,4349.0,9032.199999999997,208.0,584.0,0.06122747176920962
Sutter Av,Brooklyn,L,1,POINT (-73.901975 40.669367),0,0,0,0,0,0,1,0,0,4555.0,-526.0,4888.0,235.0,-292.0,-0.9280615991574592,2.8999999999999986,-4272.0,6930.0,2715.333333333332,106.66666666666663,7032.0,-0.13413075500904315
Sutter Av - Rutland Rd,Brooklyn,3,1,POINT (-73.92261 40.664717),0,1,0,0,0,0,0,0,0,7831.0,-1174.0,2700.0,369.0,342.0,-0.796921006806206,1.8500000000000085,-3036.0,5800.0,3410.25,136.25,7111.0,0.539772822107909
Times Sq - 42 St / 42 St,Manhattan,N Q R W S 1 2 3 7 A C E,12,POINT (-73.98704224999999 40.7553555),1,1,0,0,1,1,0,0,0,197696.0,6321.0,75501.0,-1059.0,12762.0,-1.1650260531718526,1.0500000000000043,-2148.0,5917.0,14902.333333333343,464.9999999999998,7950.0,-0.2927080407954641
Tremont Av,Bronx,B D,2,POINT (-73.905227 40.85041),0,0,1,0,0,0,0,0,0,9157.0,1241.0,3338.0,242.0,5232.0,0.8474336745530775,0.5666666666666664,-2266.0,3956.0,1524.6666666666679,140.33333333333337,2791.0,0.5509918765534083
Union St,Brooklyn,R,1,POINT (-73.98311 40.677316),0,0,0,0,1,0,0,0,0,6528.0,307.0,6148.0,398.0,7593.0,0.5391239512030355,0.7333333333333343,-2712.0,268.0,25156.0,319.0,1330.0,-2.6386803565947026
Utica Av,Brooklyn,A C,2,POINT (-73.930729 40.679364),1,0,0,0,0,0,0,0,0,14673.0,1448.0,8300.0,588.0,17495.0,-0.9106834976208344,-0.10000000000000142,1809.0,14683.0,10243.25,229.0,6756.0,-0.02453119605951848
Van Cortlandt Park - 242 St,Bronx,1,1,POINT (-73.898583 40.889248),0,1,0,0,0,0,0,0,0,6943.0,799.0,2235.0,87.0,806.0,-1.1060565302821734,1.1499999999999915,-1655.0,487.0,9101.0,197.5,-398.0,-0.3289237535132328
Van Siclen Av,Brooklyn,3,1,POINT (-73.889395 40.665449),0,1,0,0,0,0,0,0,0,3431.0,-527.0,8415.0,660.0,22440.0,-0.14421852702987126,2.3714285714285737,-12059.0,24093.0,7331.142857142862,152.42857142857156,18844.0,-1.5513953730966867
Van Siclen Av,Brooklyn,C,1,POINT (-73.890358 40.67271),1,0,0,0,0,0,0,0,0,2974.0,47.0,8415.0,660.0,22440.0,-0.14421852702987126,2.3714285714285737,-12059.0,24093.0,7331.142857142862,152.42857142857156,18844.0,-1.5513953730966867
Van Siclen Av,Brooklyn,J Z,2,POINT (-73.891688 40.678024),0,0,0,0,0,0,0,0,1,2883.0,-205.0,8415.0,660.0,22440.0,-0.14421852702987126,2.3714285714285737,-12059.0,24093.0,7331.142857142862,152.42857142857156,18844.0,-1.5513953730966867
Vernon Blvd - Jackson Av,Queens,7,1,POINT (-73.953581 40.742626),0,0,0,0,0,1,0,0,0,12610.0,2483.0,6360.0,422.0,9269.0,-0.7762204127334082,0.7666666666666657,-1463.0,6289.0,20780.333333333343,711.6666666666665,6736.0,1.341088734900775
W 4 St - Washington Sq,Manhattan,A B C D E F M,7,POINT (-74.000495 40.732338),1,0,1,0,0,0,0,0,0,40798.0,-132.0,19791.0,-727.0,-4272.0,-0.8463314892806773,0.7800000000000011,-1811.0,-2124.0,21248.800000000003,315.8000000000002,-11.0,-2.280234935588832
W 8 St - NY Aquarium,Brooklyn,F Q,2,POINT (-73.975939 40.576127),0,0,1,0,1,0,0,0,0,2069.0,400.0,22136.0,929.0,24643.0,-0.7842758101378466,-0.9500000000000028,-981.0,6089.0,8993.0,197.0,3122.0,1.3123128318715649
Wakefield - 241 St,Bronx,2,1,POINT (-73.85062 40.903125),0,1,0,0,0,0,0,0,0,4825.0,-62.0,2150.0,95.0,2452.0,1.1775232416508352,2.5,129.0,1258.0,3012.5,184.0,682.0,-0.11829341356737189
Wall St,Manhattan,2 3,2,POINT (-74.0091 40.706821),0,1,0,0,0,0,0,0,0,26706.0,-2738.0,39359.0,254.0,13560.0,1.4457051390126652,1.9538461538461576,-1111.0,402.0,36080.846153846156,1233.846153846154,6719.0,-3.9771004489642103
Wall St,Manhattan,4 5,2,POINT (-74.011862 40.707557),0,0,0,1,0,0,0,0,0,25078.0,-5333.0,39359.0,254.0,13560.0,1.4457051390126652,1.9538461538461576,-1111.0,402.0,36080.846153846156,1233.846153846154,6719.0,-3.9771004489642103
West Farms Sq - E Tremont Av,Bronx,2 5,2,POINT (-73.880049 40.840295),0,1,0,1,0,0,0,0,0,7979.0,-1113.0,6702.0,314.0,7352.0,-0.11933200548441825,1.5599999999999952,-1846.0,6071.0,3498.0000000000036,130.4000000000001,3753.0,-0.7358643674796439
Westchester Sq - E Tremont Av,Bronx,6,1,POINT (-73.842952 40.839892),0,0,0,1,0,0,0,0,0,6820.0,-723.0,4652.0,194.0,-2652.0,-0.17261690669327923,0.6666666666666643,-1445.0,1323.0,6718.6666666666715,172.33333333333326,-644.0,-0.9045284988954627
Whitlock Av,Bronx,6,1,POINT (-73.886283 40.826525),0,0,0,1,0,0,0,0,0,1685.0,209.0,6232.0,218.0,4250.0,-0.48571701501192166,1.4200000000000088,-1252.0,4161.0,2812.600000000002,132.5999999999999,2577.0,-1.4340802133755548
Wilson Av,Brooklyn,L,1,POINT (-73.904046 40.688764),0,0,0,0,0,0,1,0,0,3865.0,603.0,12596.0,646.0,3165.0,-0.5311771811926214,1.25,-4324.0,13112.0,11944.0,223.5,6250.0,-1.8229412351045693
Winthrop St,Brooklyn,2 5,2,POINT (-73.9502 40.656652),0,1,0,1,0,0,0,0,0,7639.0,-377.0,284.0,358.0,-2469.0,-0.061140362988543195,1.1333333333333329,-4141.0,6225.0,9045.0,223.33333333333326,3906.0,0.015947547707995113
Woodhaven Blvd,Queens,J Z,2,POINT (-73.851576 40.693879),0,0,0,0,0,0,0,0,1,4576.0,195.0,8695.0,577.0,2934.0,0.9707792234582568,1.7428571428571402,-5027.0,-6418.0,8534.142857142862,205.28571428571445,552.0,-1.5781350599317512
Woodhaven Blvd,Queens,M R,2,POINT (-73.869229 40.733106),0,0,1,0,1,0,0,0,0,22276.0,-1572.0,8695.0,577.0,2934.0,0.9707792234582568,1.7428571428571402,-5027.0,-6418.0,8534.142857142862,205.28571428571445,552.0,-1.5781350599317512
Woodlawn,Bronx,4,1,POINT (-73.878751 40.886037),0,0,0,1,0,0,0,0,0,7776.0,-839.0,34115.0,154.0,13325.0,-0.36894953944731634,1.6999999999999957,-3017.0,5684.0,1522.5,174.0,2885.0,-0.15032074673220208
Woodside - 61 St,Queens,7,1,POINT (-73.902984 40.74563),0,0,0,0,0,1,0,0,0,16559.0,-58.0,3094.0,181.0,-981.0,-1.0102146748166119,2.3333333333333286,-4760.0,-3131.0,6678.0,202.33333333333348,909.0,-2.325540047187058
York St,Brooklyn,F,1,POINT (-73.986751 40.701397),0,0,1,0,0,0,0,0,0,8629.0,2403.0,4247.0,551.0,11217.0,1.7027945299248892,0.25,66.0,2955.0,20823.5,461.5,3845.0,-0.5071180957845756
Zerega Av,Bronx,6,1,POINT (-73.847036 40.836488),0,0,0,1,0,0,0,0,0,3253.0,-624.0,4931.0,252.0,-2754.0,-0.20787940284092699,0.9249999999999972,-1078.0,832.0,5211.25,159.5,-531.0,-0.7257873690047045
